股票代码,证券代码(市场后缀),股票名称,交易日期,龙虎榜解读,收盘价(元),涨跌幅(%),龙虎榜净买额(元),龙虎榜买入额(元),龙虎榜卖出额(元),龙虎榜成交额(元),市场总成交额(元),净买额占总成交比(%),龙虎榜成交额占总成交比(%),换手率(%),流通市值(元),上榜原因,1日后涨跌幅(%),2日后涨跌幅(%),5日后涨跌幅(%),10日后涨跌幅(%),证券类型代码,原始字段
000533,000533.SZ,顺钠股份,2026-03-05 00:00:00,主力做T，成功率46.05%,13.53,10.0,240078710.94,346093718.11,106015007.17,452108725.28,809959507.0,29.6408,55.8187,1.1664,9266729472.0,连续三个交易日内，涨幅偏离值累计达到20%的证券,,,,,058001001,"{'SECURITY_CODE': '000533', 'SECUCODE': '000533.SZ', 'SECURITY_NAME_ABBR': '顺钠股份', 'TRADE_DATE': '2026-03-05 00:00:00', 'EXPLAIN': '主力做T，成功率46.05%', 'CLOSE_PRICE': 13.53, 'CHANGE_RATE': 10, 'BILLBOARD_NET_AMT': 240078710.94, 'BILLBOARD_BUY_AMT': 346093718.11, 'BILLBOARD_SELL_AMT': 106015007.17, 'BILLBOARD_DEAL_AMT': 452108725.28, 'ACCUM_AMOUNT': 809959507, 'DEAL_NET_RATIO': 29.640828814915, 'DEAL_AMOUNT_RATIO': 55.818682461616, 'TURNOVERRATE': 1.1664, 'FREE_MARKET_CAP': 9266729472, 'EXPLANATION': '连续三个交易日内，涨幅偏离值累计达到20%的证券', 'D1_CLOSE_ADJCHRATE': None, 'D2_CLOSE_ADJCHRATE': None, 'D5_CLOSE_ADJCHRATE': None, 'D10_CLOSE_ADJCHRATE': None, 'SECURITY_TYPE_CODE': '058001001'}"
000554,000554.SZ,泰山石油,2026-03-05 00:00:00,3家机构卖出，成功率8.47%,10.89,-6.2823,-63136735.47,124788332.17,187925067.64,312713399.81,1371670597.0,-4.6029,22.798,34.3737,3949293315.33,日换手率达到20%的前5只证券,,,,,058001001,"{'SECURITY_CODE': '000554', 'SECUCODE': '000554.SZ', 'SECURITY_NAME_ABBR': '泰山石油', 'TRADE_DATE': '2026-03-05 00:00:00', 'EXPLAIN': '3家机构卖出，成功率8.47%', 'CLOSE_PRICE': 10.89, 'CHANGE_RATE': -6.2823, 'BILLBOARD_NET_AMT': -63136735.47, 'BILLBOARD_BUY_AMT': 124788332.17, 'BILLBOARD_SELL_AMT': 187925067.64, 'BILLBOARD_DEAL_AMT': 312713399.81, 'ACCUM_AMOUNT': 1371670597, 'DEAL_NET_RATIO': -4.602907987391, 'DEAL_AMOUNT_RATIO': 22.797995414784, 'TURNOVERRATE': 34.3737, 'FREE_MARKET_CAP': 3949293315.33, 'EXPLANATION': '日换手率达到20%的前5只证券', 'D1_CLOSE_ADJCHRATE': None, 'D2_CLOSE_ADJCHRATE': None, 'D5_CLOSE_ADJCHRATE': None, 'D10_CLOSE_ADJCHRATE': None, 'SECURITY_TYPE_CODE': '058001001'}"
000815,000815.SZ,美利云,2026-03-05 00:00:00,主力做T，成功率53.03%,14.83,10.0148,143051351.17,242592243.19,99540892.02,342133135.21,1551498251.0,9.2202,22.0518,15.4161,10310750809.05,日涨幅偏离值达到7%的前5只证券,,,,,058001001,"{'SECURITY_CODE': '000815', 'SECUCODE': '000815.SZ', 'SECURITY_NAME_ABBR': '美利云', 'TRADE_DATE': '2026-03-05 00:00:00', 'EXPLAIN': '主力做T，成功率53.03%', 'CLOSE_PRICE': 14.83, 'CHANGE_RATE': 10.0148, 'BILLBOARD_NET_AMT': 143051351.17, 'BILLBOARD_BUY_AMT': 242592243.19, 'BILLBOARD_SELL_AMT': 99540892.02, 'BILLBOARD_DEAL_AMT': 342133135.21, 'ACCUM_AMOUNT': 1551498251, 'DEAL_NET_RATIO': 9.220207053266, 'DEAL_AMOUNT_RATIO': 22.051789938499, 'TURNOVERRATE': 15.4161, 'FREE_MARKET_CAP': 10310750809.05, 'EXPLANATION': '日涨幅偏离值达到7%的前5只证券', 'D1_CLOSE_ADJCHRATE': None, 'D2_CLOSE_ADJCHRATE': None, 'D5_CLOSE_ADJCHRATE': None, 'D10_CLOSE_ADJCHRATE': None, 'SECURITY_TYPE_CODE': '058001001'}"
000890,000890.SZ,法尔胜,2026-03-05 00:00:00,3家机构买入，成功率12.80%,9.15,3.1567,-33043101.29,165837536.08,198880637.37,364718173.45,1345545072.0,-2.4557,27.1056,34.8602,3838343070.9,日换手率达到20%的前5只证券,,,,,058001001,"{'SECURITY_CODE': '000890', 'SECUCODE': '000890.SZ', 'SECURITY_NAME_ABBR': '法尔胜', 'TRADE_DATE': '2026-03-05 00:00:00', 'EXPLAIN': '3家机构买入，成功率12.80%', 'CLOSE_PRICE': 9.15, 'CHANGE_RATE': 3.1567, 'BILLBOARD_NET_AMT': -33043101.29, 'BILLBOARD_BUY_AMT': 165837536.08, 'BILLBOARD_SELL_AMT': 198880637.37, 'BILLBOARD_DEAL_AMT': 364718173.45, 'ACCUM_AMOUNT': 1345545072, 'DEAL_NET_RATIO': -2.455740946744, 'DEAL_AMOUNT_RATIO': 27.105608057253, 'TURNOVERRATE': 34.8602, 'FREE_MARKET_CAP': 3838343070.9, 'EXPLANATION': '日换手率达到20%的前5只证券', 'D1_CLOSE_ADJCHRATE': None, 'D2_CLOSE_ADJCHRATE': None, 'D5_CLOSE_ADJCHRATE': None, 'D10_CLOSE_ADJCHRATE': None, 'SECURITY_TYPE_CODE': '058001001'}"
001209,001209.SZ,洪兴股份,2026-03-05 00:00:00,2家机构卖出，成功率30.64%,21.49,-9.3631,-11832776.44,28041073.0,39873849.44,67914922.44,407132679.0,-2.9064,16.6813,19.5073,2065073727.64,日跌幅偏离值达到7%的前5只证券,,,,,058001001,"{'SECURITY_CODE': '001209', 'SECUCODE': '001209.SZ', 'SECURITY_NAME_ABBR': '洪兴股份', 'TRADE_DATE': '2026-03-05 00:00:00', 'EXPLAIN': '2家机构卖出，成功率30.64%', 'CLOSE_PRICE': 21.49, 'CHANGE_RATE': -9.3631, 'BILLBOARD_NET_AMT': -11832776.44, 'BILLBOARD_BUY_AMT': 28041073, 'BILLBOARD_SELL_AMT': 39873849.44, 'BILLBOARD_DEAL_AMT': 67914922.44, 'ACCUM_AMOUNT': 407132679, 'DEAL_NET_RATIO': -2.906368623876, 'DEAL_AMOUNT_RATIO': 16.681275157478, 'TURNOVERRATE': 19.5073, 'FREE_MARKET_CAP': 2065073727.64, 'EXPLANATION': '日跌幅偏离值达到7%的前5只证券', 'D1_CLOSE_ADJCHRATE': None, 'D2_CLOSE_ADJCHRATE': None, 'D5_CLOSE_ADJCHRATE': None, 'D10_CLOSE_ADJCHRATE': None, 'SECURITY_TYPE_CODE': '058001001'}"
001225,001225.SZ,和泰机电,2026-03-05 00:00:00,4家机构卖出，成功率37.14%,59.05,-6.6698,-4822916.01,122111320.99,126934237.0,249045557.99,533766485.0,-0.9036,46.6581,20.7845,1242339545.65,连续三个交易日内，跌幅偏离值累计达到20%的证券,,,,,058001001,"{'SECURITY_CODE': '001225', 'SECUCODE': '001225.SZ', 'SECURITY_NAME_ABBR': '和泰机电', 'TRADE_DATE': '2026-03-05 00:00:00', 'EXPLAIN': '4家机构卖出，成功率37.14%', 'CLOSE_PRICE': 59.05, 'CHANGE_RATE': -6.6698, 'BILLBOARD_NET_AMT': -4822916.01000001, 'BILLBOARD_BUY_AMT': 122111320.99, 'BILLBOARD_SELL_AMT': 126934237, 'BILLBOARD_DEAL_AMT': 249045557.99, 'ACCUM_AMOUNT': 533766485, 'DEAL_NET_RATIO': -0.903562914783, 'DEAL_AMOUNT_RATIO': 46.658148270587, 'TURNOVERRATE': 20.7845, 'FREE_MARKET_CAP': 1242339545.65, 'EXPLANATION': '连续三个交易日内，跌幅偏离值累计达到20%的证券', 'D1_CLOSE_ADJCHRATE': None, 'D2_CLOSE_ADJCHRATE': None, 'D5_CLOSE_ADJCHRATE': None, 'D10_CLOSE_ADJCHRATE': None, 'SECURITY_TYPE_CODE': '058001001'}"
001267,001267.SZ,汇绿生态,2026-03-05 00:00:00,1家机构买入，成功率29.98%,36.96,10.0,-117703236.76,494478746.6,612181983.36,1106660729.96,2964627721.0,-3.9703,37.3288,13.7405,22403647284.48,日涨幅偏离值达到7%的前5只证券,,,,,058001001,"{'SECURITY_CODE': '001267', 'SECUCODE': '001267.SZ', 'SECURITY_NAME_ABBR': '汇绿生态', 'TRADE_DATE': '2026-03-05 00:00:00', 'EXPLAIN': '1家机构买入，成功率29.98%', 'CLOSE_PRICE': 36.96, 'CHANGE_RATE': 10, 'BILLBOARD_NET_AMT': -117703236.76, 'BILLBOARD_BUY_AMT': 494478746.6, 'BILLBOARD_SELL_AMT': 612181983.36, 'BILLBOARD_DEAL_AMT': 1106660729.96, 'ACCUM_AMOUNT': 2964627721, 'DEAL_NET_RATIO': -3.970253530528, 'DEAL_AMOUNT_RATIO': 37.328826217233, 'TURNOVERRATE': 13.7405, 'FREE_MARKET_CAP': 22403647284.48, 'EXPLANATION': '日涨幅偏离值达到7%的前5只证券', 'D1_CLOSE_ADJCHRATE': None, 'D2_CLOSE_ADJCHRATE': None, 'D5_CLOSE_ADJCHRATE': None, 'D10_CLOSE_ADJCHRATE': None, 'SECURITY_TYPE_CODE': '058001001'}"
002041,002041.SZ,登海种业,2026-03-05 00:00:00,2家机构卖出，成功率26.44%,11.15,-9.4232,-34604519.55,112156177.75,146760697.3,258916875.05,912606383.0,-3.7918,28.3711,9.2088,9812000000.0,日跌幅偏离值达到7%的前5只证券,,,,,058001001,"{'SECURITY_CODE': '002041', 'SECUCODE': '002041.SZ', 'SECURITY_NAME_ABBR': '登海种业', 'TRADE_DATE': '2026-03-05 00:00:00', 'EXPLAIN': '2家机构卖出，成功率26.44%', 'CLOSE_PRICE': 11.15, 'CHANGE_RATE': -9.4232, 'BILLBOARD_NET_AMT': -34604519.55, 'BILLBOARD_BUY_AMT': 112156177.75, 'BILLBOARD_SELL_AMT': 146760697.3, 'BILLBOARD_DEAL_AMT': 258916875.05, 'ACCUM_AMOUNT': 912606383, 'DEAL_NET_RATIO': -3.791834047472, 'DEAL_AMOUNT_RATIO': 28.371144435662, 'TURNOVERRATE': 9.2088, 'FREE_MARKET_CAP': 9812000000, 'EXPLANATION': '日跌幅偏离值达到7%的前5只证券', 'D1_CLOSE_ADJCHRATE': None, 'D2_CLOSE_ADJCHRATE': None, 'D5_CLOSE_ADJCHRATE': None, 'D10_CLOSE_ADJCHRATE': None, 'SECURITY_TYPE_CODE': '058001001'}"
002112,002112.SZ,三变科技,2026-03-05 00:00:00,4家机构买入，成功率36.72%,24.31,4.5142,-129203341.9,208182478.98,337385820.88,545568299.86,2149133137.0,-6.0119,25.3855,33.7786,6371153860.5,日换手率达到20%的前5只证券,,,,,058001001,"{'SECURITY_CODE': '002112', 'SECUCODE': '002112.SZ', 'SECURITY_NAME_ABBR': '三变科技', 'TRADE_DATE': '2026-03-05 00:00:00', 'EXPLAIN': '4家机构买入，成功率36.72%', 'CLOSE_PRICE': 24.31, 'CHANGE_RATE': 4.5142, 'BILLBOARD_NET_AMT': -129203341.9, 'BILLBOARD_BUY_AMT': 208182478.98, 'BILLBOARD_SELL_AMT': 337385820.88, 'BILLBOARD_DEAL_AMT': 545568299.86, 'ACCUM_AMOUNT': 2149133137, 'DEAL_NET_RATIO': -6.011881705959, 'DEAL_AMOUNT_RATIO': 25.385504995822, 'TURNOVERRATE': 33.7786, 'FREE_MARKET_CAP': 6371153860.5, 'EXPLANATION': '日换手率达到20%的前5只证券', 'D1_CLOSE_ADJCHRATE': None, 'D2_CLOSE_ADJCHRATE': None, 'D5_CLOSE_ADJCHRATE': None, 'D10_CLOSE_ADJCHRATE': None, 'SECURITY_TYPE_CODE': '058001001'}"
002195,002195.SZ,岩山科技,2026-03-05 00:00:00,1家机构买入，成功率48.45%,10.69,9.9794,1052935974.4,1449671161.25,396735186.85,1846406348.1,8092558591.0,13.0112,22.8161,13.8113,59877487701.28,日涨幅偏离值达到7%的前5只证券,,,,,058001001,"{'SECURITY_CODE': '002195', 'SECUCODE': '002195.SZ', 'SECURITY_NAME_ABBR': '岩山科技', 'TRADE_DATE': '2026-03-05 00:00:00', 'EXPLAIN': '1家机构买入，成功率48.45%', 'CLOSE_PRICE': 10.69, 'CHANGE_RATE': 9.9794, 'BILLBOARD_NET_AMT': 1052935974.4, 'BILLBOARD_BUY_AMT': 1449671161.25, 'BILLBOARD_SELL_AMT': 396735186.85, 'BILLBOARD_DEAL_AMT': 1846406348.1, 'ACCUM_AMOUNT': 8092558591, 'DEAL_NET_RATIO': 13.011162817789, 'DEAL_AMOUNT_RATIO': 22.816101080238, 'TURNOVERRATE': 13.8113, 'FREE_MARKET_CAP': 59877487701.28, 'EXPLANATION': '日涨幅偏离值达到7%的前5只证券', 'D1_CLOSE_ADJCHRATE': None, 'D2_CLOSE_ADJCHRATE': None, 'D5_CLOSE_ADJCHRATE': None, 'D10_CLOSE_ADJCHRATE': None, 'SECURITY_TYPE_CODE': '058001001'}"
002207,002207.SZ,准油股份,2026-03-05 00:00:00,4家机构卖出，成功率34.27%,14.0,-6.853,-56312276.95,117146114.68,173458391.63,290604506.31,1556450468.0,-3.618,18.671,41.6057,3651366600.0,日振幅值达到15%的前5只证券,,,,,058001001,"{'SECURITY_CODE': '002207', 'SECUCODE': '002207.SZ', 'SECURITY_NAME_ABBR': '准油股份', 'TRADE_DATE': '2026-03-05 00:00:00', 'EXPLAIN': '4家机构卖出，成功率34.27%', 'CLOSE_PRICE': 14, 'CHANGE_RATE': -6.853, 'BILLBOARD_NET_AMT': -56312276.95, 'BILLBOARD_BUY_AMT': 117146114.68, 'BILLBOARD_SELL_AMT': 173458391.63, 'BILLBOARD_DEAL_AMT': 290604506.31, 'ACCUM_AMOUNT': 1556450468, 'DEAL_NET_RATIO': -3.617993512017, 'DEAL_AMOUNT_RATIO': 18.67097683381, 'TURNOVERRATE': 41.6057, 'FREE_MARKET_CAP': 3651366600, 'EXPLANATION': '日振幅值达到15%的前5只证券', 'D1_CLOSE_ADJCHRATE': None, 'D2_CLOSE_ADJCHRATE': None, 'D5_CLOSE_ADJCHRATE': None, 'D10_CLOSE_ADJCHRATE': None, 'SECURITY_TYPE_CODE': '058001001'}"
002207,002207.SZ,准油股份,2026-03-05 00:00:00,4家机构卖出，成功率34.27%,14.0,-6.853,-56312276.95,117146114.68,173458391.63,290604506.31,1556450468.0,-3.618,18.671,41.6057,3651366600.0,日换手率达到20%的前5只证券,,,,,058001001,"{'SECURITY_CODE': '002207', 'SECUCODE': '002207.SZ', 'SECURITY_NAME_ABBR': '准油股份', 'TRADE_DATE': '2026-03-05 00:00:00', 'EXPLAIN': '4家机构卖出，成功率34.27%', 'CLOSE_PRICE': 14, 'CHANGE_RATE': -6.853, 'BILLBOARD_NET_AMT': -56312276.95, 'BILLBOARD_BUY_AMT': 117146114.68, 'BILLBOARD_SELL_AMT': 173458391.63, 'BILLBOARD_DEAL_AMT': 290604506.31, 'ACCUM_AMOUNT': 1556450468, 'DEAL_NET_RATIO': -3.617993512017, 'DEAL_AMOUNT_RATIO': 18.67097683381, 'TURNOVERRATE': 41.6057, 'FREE_MARKET_CAP': 3651366600, 'EXPLANATION': '日换手率达到20%的前5只证券', 'D1_CLOSE_ADJCHRATE': None, 'D2_CLOSE_ADJCHRATE': None, 'D5_CLOSE_ADJCHRATE': None, 'D10_CLOSE_ADJCHRATE': None, 'SECURITY_TYPE_CODE': '058001001'}"
002272,002272.SZ,川润股份,2026-03-05 00:00:00,主力做T，成功率20.36%,21.01,-0.2848,-282475750.56,458877507.5,741353258.06,1200230765.56,3943749656.0,-7.1626,30.4337,48.2101,8120214736.48,日换手率达到20%的前5只证券,,,,,058001001,"{'SECURITY_CODE': '002272', 'SECUCODE': '002272.SZ', 'SECURITY_NAME_ABBR': '川润股份', 'TRADE_DATE': '2026-03-05 00:00:00', 'EXPLAIN': '主力做T，成功率20.36%', 'CLOSE_PRICE': 21.01, 'CHANGE_RATE': -0.2848, 'BILLBOARD_NET_AMT': -282475750.56, 'BILLBOARD_BUY_AMT': 458877507.5, 'BILLBOARD_SELL_AMT': 741353258.06, 'BILLBOARD_DEAL_AMT': 1200230765.56, 'ACCUM_AMOUNT': 3943749656, 'DEAL_NET_RATIO': -7.162618705532, 'DEAL_AMOUNT_RATIO': 30.433746313841, 'TURNOVERRATE': 48.2101, 'FREE_MARKET_CAP': 8120214736.48, 'EXPLANATION': '日换手率达到20%的前5只证券', 'D1_CLOSE_ADJCHRATE': None, 'D2_CLOSE_ADJCHRATE': None, 'D5_CLOSE_ADJCHRATE': None, 'D10_CLOSE_ADJCHRATE': None, 'SECURITY_TYPE_CODE': '058001001'}"
002339,002339.SZ,积成电子,2026-03-05 00:00:00,4家机构买入，成功率36.72%,12.69,9.9653,81933070.89,253703467.75,171770396.86,425473864.61,1850008977.0,4.4288,22.9985,24.8881,6075890834.76,连续三个交易日内，涨幅偏离值累计达到20%的证券,,,,,058001001,"{'SECURITY_CODE': '002339', 'SECUCODE': '002339.SZ', 'SECURITY_NAME_ABBR': '积成电子', 'TRADE_DATE': '2026-03-05 00:00:00', 'EXPLAIN': '4家机构买入，成功率36.72%', 'CLOSE_PRICE': 12.69, 'CHANGE_RATE': 9.9653, 'BILLBOARD_NET_AMT': 81933070.89, 'BILLBOARD_BUY_AMT': 253703467.75, 'BILLBOARD_SELL_AMT': 171770396.86, 'BILLBOARD_DEAL_AMT': 425473864.61, 'ACCUM_AMOUNT': 1850008977, 'DEAL_NET_RATIO': 4.428793152283, 'DEAL_AMOUNT_RATIO': 22.998475677667, 'TURNOVERRATE': 24.8881, 'FREE_MARKET_CAP': 6075890834.76, 'EXPLANATION': '连续三个交易日内，涨幅偏离值累计达到20%的证券', 'D1_CLOSE_ADJCHRATE': None, 'D2_CLOSE_ADJCHRATE': None, 'D5_CLOSE_ADJCHRATE': None, 'D10_CLOSE_ADJCHRATE': None, 'SECURITY_TYPE_CODE': '058001001'}"
002339,002339.SZ,积成电子,2026-03-05 00:00:00,4家机构买入，成功率43.99%,12.69,9.9653,45878818.89,197903190.75,152024371.86,349927562.61,1496740230.0,3.0652,23.3793,24.8881,6075890834.76,日涨幅偏离值达到7%的前5只证券,,,,,058001001,"{'SECURITY_CODE': '002339', 'SECUCODE': '002339.SZ', 'SECURITY_NAME_ABBR': '积成电子', 'TRADE_DATE': '2026-03-05 00:00:00', 'EXPLAIN': '4家机构买入，成功率43.99%', 'CLOSE_PRICE': 12.69, 'CHANGE_RATE': 9.9653, 'BILLBOARD_NET_AMT': 45878818.89, 'BILLBOARD_BUY_AMT': 197903190.75, 'BILLBOARD_SELL_AMT': 152024371.86, 'BILLBOARD_DEAL_AMT': 349927562.61, 'ACCUM_AMOUNT': 1496740230, 'DEAL_NET_RATIO': 3.065249264396, 'DEAL_AMOUNT_RATIO': 23.37931162644, 'TURNOVERRATE': 24.8881, 'FREE_MARKET_CAP': 6075890834.76, 'EXPLANATION': '日涨幅偏离值达到7%的前5只证券', 'D1_CLOSE_ADJCHRATE': None, 'D2_CLOSE_ADJCHRATE': None, 'D5_CLOSE_ADJCHRATE': None, 'D10_CLOSE_ADJCHRATE': None, 'SECURITY_TYPE_CODE': '058001001'}"
002350,002350.SZ,北京科锐,2026-03-05 00:00:00,3家机构买入，成功率2.24%,14.23,6.8318,-104338764.66,302567838.81,406906603.47,709474442.28,3976801582.0,-2.6237,17.8403,19.2111,7549747432.33,连续三个交易日内，涨幅偏离值累计达到20%的证券,,,,,058001001,"{'SECURITY_CODE': '002350', 'SECUCODE': '002350.SZ', 'SECURITY_NAME_ABBR': '北京科锐', 'TRADE_DATE': '2026-03-05 00:00:00', 'EXPLAIN': '3家机构买入，成功率2.24%', 'CLOSE_PRICE': 14.23, 'CHANGE_RATE': 6.8318, 'BILLBOARD_NET_AMT': -104338764.66, 'BILLBOARD_BUY_AMT': 302567838.81, 'BILLBOARD_SELL_AMT': 406906603.47, 'BILLBOARD_DEAL_AMT': 709474442.28, 'ACCUM_AMOUNT': 3976801582, 'DEAL_NET_RATIO': -2.623685454468, 'DEAL_AMOUNT_RATIO': 17.840327902988, 'TURNOVERRATE': 19.2111, 'FREE_MARKET_CAP': 7549747432.33, 'EXPLANATION': '连续三个交易日内，涨幅偏离值累计达到20%的证券', 'D1_CLOSE_ADJCHRATE': None, 'D2_CLOSE_ADJCHRATE': None, 'D5_CLOSE_ADJCHRATE': None, 'D10_CLOSE_ADJCHRATE': None, 'SECURITY_TYPE_CODE': '058001001'}"
002471,002471.SZ,中超控股,2026-03-05 00:00:00,普通席位买入，成功率44.72%,9.04,9.9757,354368562.03,488871140.44,134502578.41,623373718.85,2010483367.0,17.626,31.0062,17.0161,12136866817.52,日涨幅偏离值达到7%的前5只证券,,,,,058001001,"{'SECURITY_CODE': '002471', 'SECUCODE': '002471.SZ', 'SECURITY_NAME_ABBR': '中超控股', 'TRADE_DATE': '2026-03-05 00:00:00', 'EXPLAIN': '普通席位买入，成功率44.72%', 'CLOSE_PRICE': 9.04, 'CHANGE_RATE': 9.9757, 'BILLBOARD_NET_AMT': 354368562.03, 'BILLBOARD_BUY_AMT': 488871140.44, 'BILLBOARD_SELL_AMT': 134502578.41, 'BILLBOARD_DEAL_AMT': 623373718.85, 'ACCUM_AMOUNT': 2010483367, 'DEAL_NET_RATIO': 17.626037989003, 'DEAL_AMOUNT_RATIO': 31.006161457589, 'TURNOVERRATE': 17.0161, 'FREE_MARKET_CAP': 12136866817.52, 'EXPLANATION': '日涨幅偏离值达到7%的前5只证券', 'D1_CLOSE_ADJCHRATE': None, 'D2_CLOSE_ADJCHRATE': None, 'D5_CLOSE_ADJCHRATE': None, 'D10_CLOSE_ADJCHRATE': None, 'SECURITY_TYPE_CODE': '058001001'}"
002498,002498.SZ,汉缆股份,2026-03-05 00:00:00,主力做T，成功率43.77%,8.94,9.9631,164667329.8,444430049.38,279762719.58,724192768.96,2433809642.0,6.7658,29.7555,1.9376,29741556240.0,连续三个交易日内，涨幅偏离值累计达到20%的证券,,,,,058001001,"{'SECURITY_CODE': '002498', 'SECUCODE': '002498.SZ', 'SECURITY_NAME_ABBR': '汉缆股份', 'TRADE_DATE': '2026-03-05 00:00:00', 'EXPLAIN': '主力做T，成功率43.77%', 'CLOSE_PRICE': 8.94, 'CHANGE_RATE': 9.9631, 'BILLBOARD_NET_AMT': 164667329.8, 'BILLBOARD_BUY_AMT': 444430049.38, 'BILLBOARD_SELL_AMT': 279762719.58, 'BILLBOARD_DEAL_AMT': 724192768.96, 'ACCUM_AMOUNT': 2433809642, 'DEAL_NET_RATIO': 6.765826174667, 'DEAL_AMOUNT_RATIO': 29.755522225842, 'TURNOVERRATE': 1.9376, 'FREE_MARKET_CAP': 29741556240, 'EXPLANATION': '连续三个交易日内，涨幅偏离值累计达到20%的证券', 'D1_CLOSE_ADJCHRATE': None, 'D2_CLOSE_ADJCHRATE': None, 'D5_CLOSE_ADJCHRATE': None, 'D10_CLOSE_ADJCHRATE': None, 'SECURITY_TYPE_CODE': '058001001'}"
002828,002828.SZ,贝肯能源,2026-03-05 00:00:00,4家机构卖出，成功率26.85%,14.78,-9.6577,-32794174.7,63182669.8,95976844.5,159159514.3,1027957442.0,-3.1902,15.4831,34.8858,2860845990.5,日跌幅偏离值达到7%的前5只证券,,,,,058001001,"{'SECURITY_CODE': '002828', 'SECUCODE': '002828.SZ', 'SECURITY_NAME_ABBR': '贝肯能源', 'TRADE_DATE': '2026-03-05 00:00:00', 'EXPLAIN': '4家机构卖出，成功率26.85%', 'CLOSE_PRICE': 14.78, 'CHANGE_RATE': -9.6577, 'BILLBOARD_NET_AMT': -32794174.7, 'BILLBOARD_BUY_AMT': 63182669.8, 'BILLBOARD_SELL_AMT': 95976844.5, 'BILLBOARD_DEAL_AMT': 159159514.3, 'ACCUM_AMOUNT': 1027957442, 'DEAL_NET_RATIO': -3.190226886844, 'DEAL_AMOUNT_RATIO': 15.483084006896, 'TURNOVERRATE': 34.8858, 'FREE_MARKET_CAP': 2860845990.5, 'EXPLANATION': '日跌幅偏离值达到7%的前5只证券', 'D1_CLOSE_ADJCHRATE': None, 'D2_CLOSE_ADJCHRATE': None, 'D5_CLOSE_ADJCHRATE': None, 'D10_CLOSE_ADJCHRATE': None, 'SECURITY_TYPE_CODE': '058001001'}"
002842,002842.SZ,翔鹭钨业,2026-03-05 00:00:00,4家机构卖出，成功率29.62%,41.82,-9.1857,-147790303.48,312828594.66,460618898.14,773447492.8,2950219071.0,-5.0095,26.2166,25.2893,11227093762.38,日振幅值达到15%的前5只证券,,,,,058001001,"{'SECURITY_CODE': '002842', 'SECUCODE': '002842.SZ', 'SECURITY_NAME_ABBR': '翔鹭钨业', 'TRADE_DATE': '2026-03-05 00:00:00', 'EXPLAIN': '4家机构卖出，成功率29.62%', 'CLOSE_PRICE': 41.82, 'CHANGE_RATE': -9.1857, 'BILLBOARD_NET_AMT': -147790303.48, 'BILLBOARD_BUY_AMT': 312828594.66, 'BILLBOARD_SELL_AMT': 460618898.14, 'BILLBOARD_DEAL_AMT': 773447492.8, 'ACCUM_AMOUNT': 2950219071, 'DEAL_NET_RATIO': -5.009468785988, 'DEAL_AMOUNT_RATIO': 26.216612196796, 'TURNOVERRATE': 25.2893, 'FREE_MARKET_CAP': 11227093762.38, 'EXPLANATION': '日振幅值达到15%的前5只证券', 'D1_CLOSE_ADJCHRATE': None, 'D2_CLOSE_ADJCHRATE': None, 'D5_CLOSE_ADJCHRATE': None, 'D10_CLOSE_ADJCHRATE': None, 'SECURITY_TYPE_CODE': '058001001'}"
002842,002842.SZ,翔鹭钨业,2026-03-05 00:00:00,4家机构卖出，成功率29.62%,41.82,-9.1857,-147790303.48,312828594.66,460618898.14,773447492.8,2950219071.0,-5.0095,26.2166,25.2893,11227093762.38,日跌幅偏离值达到7%的前5只证券,,,,,058001001,"{'SECURITY_CODE': '002842', 'SECUCODE': '002842.SZ', 'SECURITY_NAME_ABBR': '翔鹭钨业', 'TRADE_DATE': '2026-03-05 00:00:00', 'EXPLAIN': '4家机构卖出，成功率29.62%', 'CLOSE_PRICE': 41.82, 'CHANGE_RATE': -9.1857, 'BILLBOARD_NET_AMT': -147790303.48, 'BILLBOARD_BUY_AMT': 312828594.66, 'BILLBOARD_SELL_AMT': 460618898.14, 'BILLBOARD_DEAL_AMT': 773447492.8, 'ACCUM_AMOUNT': 2950219071, 'DEAL_NET_RATIO': -5.009468785988, 'DEAL_AMOUNT_RATIO': 26.216612196796, 'TURNOVERRATE': 25.2893, 'FREE_MARKET_CAP': 11227093762.38, 'EXPLANATION': '日跌幅偏离值达到7%的前5只证券', 'D1_CLOSE_ADJCHRATE': None, 'D2_CLOSE_ADJCHRATE': None, 'D5_CLOSE_ADJCHRATE': None, 'D10_CLOSE_ADJCHRATE': None, 'SECURITY_TYPE_CODE': '058001001'}"
002843,002843.SZ,泰嘉股份,2026-03-05 00:00:00,1家机构卖出，成功率21.34%,25.39,-9.9965,-51404667.28,144015019.57,195419686.85,339434706.42,1693242783.0,-3.0359,20.0464,25.5575,6367623149.18,日跌幅偏离值达到7%的前5只证券,,,,,058001001,"{'SECURITY_CODE': '002843', 'SECUCODE': '002843.SZ', 'SECURITY_NAME_ABBR': '泰嘉股份', 'TRADE_DATE': '2026-03-05 00:00:00', 'EXPLAIN': '1家机构卖出，成功率21.34%', 'CLOSE_PRICE': 25.39, 'CHANGE_RATE': -9.9965, 'BILLBOARD_NET_AMT': -51404667.28, 'BILLBOARD_BUY_AMT': 144015019.57, 'BILLBOARD_SELL_AMT': 195419686.85, 'BILLBOARD_DEAL_AMT': 339434706.42, 'ACCUM_AMOUNT': 1693242783, 'DEAL_NET_RATIO': -3.035871039646, 'DEAL_AMOUNT_RATIO': 20.046428653226, 'TURNOVERRATE': 25.5575, 'FREE_MARKET_CAP': 6367623149.18, 'EXPLANATION': '日跌幅偏离值达到7%的前5只证券', 'D1_CLOSE_ADJCHRATE': None, 'D2_CLOSE_ADJCHRATE': None, 'D5_CLOSE_ADJCHRATE': None, 'D10_CLOSE_ADJCHRATE': None, 'SECURITY_TYPE_CODE': '058001001'}"
002877,002877.SZ,智能自控,2026-03-05 00:00:00,1家机构买入，成功率52.59%,10.89,10.0,97991202.2,169918618.0,71927415.8,241846033.8,706480525.0,13.8703,34.2325,15.2797,2619204560.28,连续三个交易日内，涨幅偏离值累计达到20%的证券,,,,,058001001,"{'SECURITY_CODE': '002877', 'SECUCODE': '002877.SZ', 'SECURITY_NAME_ABBR': '智能自控', 'TRADE_DATE': '2026-03-05 00:00:00', 'EXPLAIN': '1家机构买入，成功率52.59%', 'CLOSE_PRICE': 10.89, 'CHANGE_RATE': 10, 'BILLBOARD_NET_AMT': 97991202.2, 'BILLBOARD_BUY_AMT': 169918618, 'BILLBOARD_SELL_AMT': 71927415.8, 'BILLBOARD_DEAL_AMT': 241846033.8, 'ACCUM_AMOUNT': 706480525, 'DEAL_NET_RATIO': 13.87033311357, 'DEAL_AMOUNT_RATIO': 34.232512467347, 'TURNOVERRATE': 15.2797, 'FREE_MARKET_CAP': 2619204560.28, 'EXPLANATION': '连续三个交易日内，涨幅偏离值累计达到20%的证券', 'D1_CLOSE_ADJCHRATE': None, 'D2_CLOSE_ADJCHRATE': None, 'D5_CLOSE_ADJCHRATE': None, 'D10_CLOSE_ADJCHRATE': None, 'SECURITY_TYPE_CODE': '058001001'}"
002952,002952.SZ,亚世光电,2026-03-05 00:00:00,4家机构买入，成功率15.40%,26.5,10.0042,-33792009.33,110003542.0,143795551.33,253799093.33,939491554.0,-3.5968,27.0145,10.7695,3488593348.0,连续三个交易日内，涨幅偏离值累计达到20%的证券,,,,,058001001,"{'SECURITY_CODE': '002952', 'SECUCODE': '002952.SZ', 'SECURITY_NAME_ABBR': '亚世光电', 'TRADE_DATE': '2026-03-05 00:00:00', 'EXPLAIN': '4家机构买入，成功率15.40%', 'CLOSE_PRICE': 26.5, 'CHANGE_RATE': 10.0042, 'BILLBOARD_NET_AMT': -33792009.33, 'BILLBOARD_BUY_AMT': 110003542, 'BILLBOARD_SELL_AMT': 143795551.33, 'BILLBOARD_DEAL_AMT': 253799093.33, 'ACCUM_AMOUNT': 939491554, 'DEAL_NET_RATIO': -3.596840140406, 'DEAL_AMOUNT_RATIO': 27.014515697285, 'TURNOVERRATE': 10.7695, 'FREE_MARKET_CAP': 3488593348, 'EXPLANATION': '连续三个交易日内，涨幅偏离值累计达到20%的证券', 'D1_CLOSE_ADJCHRATE': None, 'D2_CLOSE_ADJCHRATE': None, 'D5_CLOSE_ADJCHRATE': None, 'D10_CLOSE_ADJCHRATE': None, 'SECURITY_TYPE_CODE': '058001001'}"
300072,300072.SZ,海新能科,2026-03-05 00:00:00,买一主买，成功率49.81%,5.88,20.0,213940020.01,314053424.26,100113404.25,414166828.51,1567438109.0,13.649,26.4232,12.2189,13708404267.6,日涨幅达到15%的前5只证券,,,,,058001001,"{'SECURITY_CODE': '300072', 'SECUCODE': '300072.SZ', 'SECURITY_NAME_ABBR': '海新能科', 'TRADE_DATE': '2026-03-05 00:00:00', 'EXPLAIN': '买一主买，成功率49.81%', 'CLOSE_PRICE': 5.88, 'CHANGE_RATE': 20, 'BILLBOARD_NET_AMT': 213940020.01, 'BILLBOARD_BUY_AMT': 314053424.26, 'BILLBOARD_SELL_AMT': 100113404.25, 'BILLBOARD_DEAL_AMT': 414166828.51, 'ACCUM_AMOUNT': 1567438109, 'DEAL_NET_RATIO': 13.649025041664, 'DEAL_AMOUNT_RATIO': 26.423169510293, 'TURNOVERRATE': 12.2189, 'FREE_MARKET_CAP': 13708404267.6, 'EXPLANATION': '日涨幅达到15%的前5只证券', 'D1_CLOSE_ADJCHRATE': None, 'D2_CLOSE_ADJCHRATE': None, 'D5_CLOSE_ADJCHRATE': None, 'D10_CLOSE_ADJCHRATE': None, 'SECURITY_TYPE_CODE': '058001001'}"
300164,300164.SZ,通源石油,2026-03-05 00:00:00,西藏自治区资金卖出，成功率29.85%,22.41,-8.7541,-105505782.1,253778798.3,359284580.4,613063378.7,5999689541.0,-1.7585,10.2183,43.9599,13069753534.98,日换手率达到30%的前5只证券,,,,,058001001,"{'SECURITY_CODE': '300164', 'SECUCODE': '300164.SZ', 'SECURITY_NAME_ABBR': '通源石油', 'TRADE_DATE': '2026-03-05 00:00:00', 'EXPLAIN': '西藏自治区资金卖出，成功率29.85%', 'CLOSE_PRICE': 22.41, 'CHANGE_RATE': -8.7541, 'BILLBOARD_NET_AMT': -105505782.1, 'BILLBOARD_BUY_AMT': 253778798.3, 'BILLBOARD_SELL_AMT': 359284580.4, 'BILLBOARD_DEAL_AMT': 613063378.7, 'ACCUM_AMOUNT': 5999689541, 'DEAL_NET_RATIO': -1.758520693096, 'DEAL_AMOUNT_RATIO': 10.218251703034, 'TURNOVERRATE': 43.9599, 'FREE_MARKET_CAP': 13069753534.98, 'EXPLANATION': '日换手率达到30%的前5只证券', 'D1_CLOSE_ADJCHRATE': None, 'D2_CLOSE_ADJCHRATE': None, 'D5_CLOSE_ADJCHRATE': None, 'D10_CLOSE_ADJCHRATE': None, 'SECURITY_TYPE_CODE': '058001001'}"
300265,300265.SZ,通光线缆,2026-03-05 00:00:00,5家机构买入，成功率31.07%,21.46,20.0224,-145516795.35,349371900.32,494888695.67,844260595.99,3280419970.0,-4.4359,25.7364,33.3931,10028294696.6,日涨幅达到15%的前5只证券,,,,,058001001,"{'SECURITY_CODE': '300265', 'SECUCODE': '300265.SZ', 'SECURITY_NAME_ABBR': '通光线缆', 'TRADE_DATE': '2026-03-05 00:00:00', 'EXPLAIN': '5家机构买入，成功率31.07%', 'CLOSE_PRICE': 21.46, 'CHANGE_RATE': 20.0224, 'BILLBOARD_NET_AMT': -145516795.35, 'BILLBOARD_BUY_AMT': 349371900.32, 'BILLBOARD_SELL_AMT': 494888695.67, 'BILLBOARD_DEAL_AMT': 844260595.99, 'ACCUM_AMOUNT': 3280419970, 'DEAL_NET_RATIO': -4.435919689576, 'DEAL_AMOUNT_RATIO': 25.736357043028, 'TURNOVERRATE': 33.3931, 'FREE_MARKET_CAP': 10028294696.6, 'EXPLANATION': '日涨幅达到15%的前5只证券', 'D1_CLOSE_ADJCHRATE': None, 'D2_CLOSE_ADJCHRATE': None, 'D5_CLOSE_ADJCHRATE': None, 'D10_CLOSE_ADJCHRATE': None, 'SECURITY_TYPE_CODE': '058001001'}"
300265,300265.SZ,通光线缆,2026-03-05 00:00:00,4家机构买入，成功率31.07%,21.46,20.0224,141394173.15,719313651.82,577919478.67,1297233130.49,4651801536.0,3.0396,27.8867,33.3931,10028294696.6,连续三个交易日内，涨幅偏离值累计达到30%的证券,,,,,058001001,"{'SECURITY_CODE': '300265', 'SECUCODE': '300265.SZ', 'SECURITY_NAME_ABBR': '通光线缆', 'TRADE_DATE': '2026-03-05 00:00:00', 'EXPLAIN': '4家机构买入，成功率31.07%', 'CLOSE_PRICE': 21.46, 'CHANGE_RATE': 20.0224, 'BILLBOARD_NET_AMT': 141394173.15, 'BILLBOARD_BUY_AMT': 719313651.82, 'BILLBOARD_SELL_AMT': 577919478.67, 'BILLBOARD_DEAL_AMT': 1297233130.49, 'ACCUM_AMOUNT': 4651801536, 'DEAL_NET_RATIO': 3.039557299592, 'DEAL_AMOUNT_RATIO': 27.886682620718, 'TURNOVERRATE': 33.3931, 'FREE_MARKET_CAP': 10028294696.6, 'EXPLANATION': '连续三个交易日内，涨幅偏离值累计达到30%的证券', 'D1_CLOSE_ADJCHRATE': None, 'D2_CLOSE_ADJCHRATE': None, 'D5_CLOSE_ADJCHRATE': None, 'D10_CLOSE_ADJCHRATE': None, 'SECURITY_TYPE_CODE': '058001001'}"
300303,300303.SZ,聚飞光电,2026-03-05 00:00:00,主力做T，成功率31.85%,12.53,20.0192,114930001.92,639232515.57,524302513.65,1163535029.22,6419358177.0,1.7904,18.1254,19.1194,16654850764.58,连续三个交易日内，涨幅偏离值累计达到30%的证券,,,,,058001001,"{'SECURITY_CODE': '300303', 'SECUCODE': '300303.SZ', 'SECURITY_NAME_ABBR': '聚飞光电', 'TRADE_DATE': '2026-03-05 00:00:00', 'EXPLAIN': '主力做T，成功率31.85%', 'CLOSE_PRICE': 12.53, 'CHANGE_RATE': 20.0192, 'BILLBOARD_NET_AMT': 114930001.92, 'BILLBOARD_BUY_AMT': 639232515.57, 'BILLBOARD_SELL_AMT': 524302513.65, 'BILLBOARD_DEAL_AMT': 1163535029.22, 'ACCUM_AMOUNT': 6419358177, 'DEAL_NET_RATIO': 1.790365933027, 'DEAL_AMOUNT_RATIO': 18.125410627325, 'TURNOVERRATE': 19.1194, 'FREE_MARKET_CAP': 16654850764.58, 'EXPLANATION': '连续三个交易日内，涨幅偏离值累计达到30%的证券', 'D1_CLOSE_ADJCHRATE': None, 'D2_CLOSE_ADJCHRATE': None, 'D5_CLOSE_ADJCHRATE': None, 'D10_CLOSE_ADJCHRATE': None, 'SECURITY_TYPE_CODE': '058001001'}"
300303,300303.SZ,聚飞光电,2026-03-05 00:00:00,普通席位买入，成功率38.05%,12.53,20.0192,161023119.43,439210675.97,278187556.54,717398232.51,3103293069.0,5.1888,23.1173,19.1194,16654850764.58,日涨幅达到15%的前5只证券,,,,,058001001,"{'SECURITY_CODE': '300303', 'SECUCODE': '300303.SZ', 'SECURITY_NAME_ABBR': '聚飞光电', 'TRADE_DATE': '2026-03-05 00:00:00', 'EXPLAIN': '普通席位买入，成功率38.05%', 'CLOSE_PRICE': 12.53, 'CHANGE_RATE': 20.0192, 'BILLBOARD_NET_AMT': 161023119.43, 'BILLBOARD_BUY_AMT': 439210675.97, 'BILLBOARD_SELL_AMT': 278187556.54, 'BILLBOARD_DEAL_AMT': 717398232.51, 'ACCUM_AMOUNT': 3103293069, 'DEAL_NET_RATIO': 5.188782233896, 'DEAL_AMOUNT_RATIO': 23.117321392439, 'TURNOVERRATE': 19.1194, 'FREE_MARKET_CAP': 16654850764.58, 'EXPLANATION': '日涨幅达到15%的前5只证券', 'D1_CLOSE_ADJCHRATE': None, 'D2_CLOSE_ADJCHRATE': None, 'D5_CLOSE_ADJCHRATE': None, 'D10_CLOSE_ADJCHRATE': None, 'SECURITY_TYPE_CODE': '058001001'}"
300423,300423.SZ,昇辉科技,2026-03-05 00:00:00,普通席位买入，成功率46.20%,11.58,15.4536,173058240.39,310926598.23,137868357.84,448794956.07,1612126526.0,10.7348,27.8387,41.9962,3860314393.14,日换手率达到30%的前5只证券,,,,,058001001,"{'SECURITY_CODE': '300423', 'SECUCODE': '300423.SZ', 'SECURITY_NAME_ABBR': '昇辉科技', 'TRADE_DATE': '2026-03-05 00:00:00', 'EXPLAIN': '普通席位买入，成功率46.20%', 'CLOSE_PRICE': 11.58, 'CHANGE_RATE': 15.4536, 'BILLBOARD_NET_AMT': 173058240.39, 'BILLBOARD_BUY_AMT': 310926598.23, 'BILLBOARD_SELL_AMT': 137868357.84, 'BILLBOARD_DEAL_AMT': 448794956.07, 'ACCUM_AMOUNT': 1612126526, 'DEAL_NET_RATIO': 10.734780279274, 'DEAL_AMOUNT_RATIO': 27.83869310702, 'TURNOVERRATE': 41.9962, 'FREE_MARKET_CAP': 3860314393.14, 'EXPLANATION': '日换手率达到30%的前5只证券', 'D1_CLOSE_ADJCHRATE': None, 'D2_CLOSE_ADJCHRATE': None, 'D5_CLOSE_ADJCHRATE': None, 'D10_CLOSE_ADJCHRATE': None, 'SECURITY_TYPE_CODE': '058001001'}"
300708,300708.SZ,聚灿光电,2026-03-05 00:00:00,2家机构买入，成功率46.16%,12.52,20.0384,111268343.83,335053682.99,223785339.16,558839022.15,3038486761.0,3.662,18.392,35.0831,8889378460.08,日涨幅达到15%的前5只证券,,,,,058001001,"{'SECURITY_CODE': '300708', 'SECUCODE': '300708.SZ', 'SECURITY_NAME_ABBR': '聚灿光电', 'TRADE_DATE': '2026-03-05 00:00:00', 'EXPLAIN': '2家机构买入，成功率46.16%', 'CLOSE_PRICE': 12.52, 'CHANGE_RATE': 20.0384, 'BILLBOARD_NET_AMT': 111268343.83, 'BILLBOARD_BUY_AMT': 335053682.99, 'BILLBOARD_SELL_AMT': 223785339.16, 'BILLBOARD_DEAL_AMT': 558839022.15, 'ACCUM_AMOUNT': 3038486761, 'DEAL_NET_RATIO': 3.661965727749, 'DEAL_AMOUNT_RATIO': 18.392017675472, 'TURNOVERRATE': 35.0831, 'FREE_MARKET_CAP': 8889378460.08, 'EXPLANATION': '日涨幅达到15%的前5只证券', 'D1_CLOSE_ADJCHRATE': None, 'D2_CLOSE_ADJCHRATE': None, 'D5_CLOSE_ADJCHRATE': None, 'D10_CLOSE_ADJCHRATE': None, 'SECURITY_TYPE_CODE': '058001001'}"
300895,300895.SZ,铜牛信息,2026-03-05 00:00:00,2家机构买入，成功率25.46%,61.54,20.0078,42776298.17,222976002.45,180199704.28,403175706.73,1268356605.0,3.3726,31.7873,15.6543,8503120511.16,日涨幅达到15%的前5只证券,,,,,058001001,"{'SECURITY_CODE': '300895', 'SECUCODE': '300895.SZ', 'SECURITY_NAME_ABBR': '铜牛信息', 'TRADE_DATE': '2026-03-05 00:00:00', 'EXPLAIN': '2家机构买入，成功率25.46%', 'CLOSE_PRICE': 61.54, 'CHANGE_RATE': 20.0078, 'BILLBOARD_NET_AMT': 42776298.17, 'BILLBOARD_BUY_AMT': 222976002.45, 'BILLBOARD_SELL_AMT': 180199704.28, 'BILLBOARD_DEAL_AMT': 403175706.73, 'ACCUM_AMOUNT': 1268356605, 'DEAL_NET_RATIO': 3.372576608295, 'DEAL_AMOUNT_RATIO': 31.787251719322, 'TURNOVERRATE': 15.6543, 'FREE_MARKET_CAP': 8503120511.16, 'EXPLANATION': '日涨幅达到15%的前5只证券', 'D1_CLOSE_ADJCHRATE': None, 'D2_CLOSE_ADJCHRATE': None, 'D5_CLOSE_ADJCHRATE': None, 'D10_CLOSE_ADJCHRATE': None, 'SECURITY_TYPE_CODE': '058001001'}"
301057,301057.SZ,汇隆新材,2026-03-05 00:00:00,主力做T，成功率50.00%,35.93,-19.9955,-19071644.0,11465263.0,30536907.0,42002170.0,65166241.0,-29.2661,64.4539,2.1961,2967349580.59,日跌幅达到15%的前5只证券,,,,,058001001,"{'SECURITY_CODE': '301057', 'SECUCODE': '301057.SZ', 'SECURITY_NAME_ABBR': '汇隆新材', 'TRADE_DATE': '2026-03-05 00:00:00', 'EXPLAIN': '主力做T，成功率50.00%', 'CLOSE_PRICE': 35.93, 'CHANGE_RATE': -19.9955, 'BILLBOARD_NET_AMT': -19071644, 'BILLBOARD_BUY_AMT': 11465263, 'BILLBOARD_SELL_AMT': 30536907, 'BILLBOARD_DEAL_AMT': 42002170, 'ACCUM_AMOUNT': 65166241, 'DEAL_NET_RATIO': -29.266141037658, 'DEAL_AMOUNT_RATIO': 64.45387881127, 'TURNOVERRATE': 2.1961, 'FREE_MARKET_CAP': 2967349580.59, 'EXPLANATION': '日跌幅达到15%的前5只证券', 'D1_CLOSE_ADJCHRATE': None, 'D2_CLOSE_ADJCHRATE': None, 'D5_CLOSE_ADJCHRATE': None, 'D10_CLOSE_ADJCHRATE': None, 'SECURITY_TYPE_CODE': '058001001'}"
301373,301373.SZ,凌玮科技,2026-03-05 00:00:00,3家机构买入，成功率10.00%,58.23,17.3755,17198954.77,164916767.76,147717812.99,312634580.75,1056811724.0,1.6274,29.5828,50.8993,2240266660.29,日换手率达到30%的前5只证券,,,,,058001001,"{'SECURITY_CODE': '301373', 'SECUCODE': '301373.SZ', 'SECURITY_NAME_ABBR': '凌玮科技', 'TRADE_DATE': '2026-03-05 00:00:00', 'EXPLAIN': '3家机构买入，成功率10.00%', 'CLOSE_PRICE': 58.23, 'CHANGE_RATE': 17.3755, 'BILLBOARD_NET_AMT': 17198954.77, 'BILLBOARD_BUY_AMT': 164916767.76, 'BILLBOARD_SELL_AMT': 147717812.99, 'BILLBOARD_DEAL_AMT': 312634580.75, 'ACCUM_AMOUNT': 1056811724, 'DEAL_NET_RATIO': 1.627437922897, 'DEAL_AMOUNT_RATIO': 29.582807765104, 'TURNOVERRATE': 50.8993, 'FREE_MARKET_CAP': 2240266660.29, 'EXPLANATION': '日换手率达到30%的前5只证券', 'D1_CLOSE_ADJCHRATE': None, 'D2_CLOSE_ADJCHRATE': None, 'D5_CLOSE_ADJCHRATE': None, 'D10_CLOSE_ADJCHRATE': None, 'SECURITY_TYPE_CODE': '058001001'}"
301373,301373.SZ,凌玮科技,2026-03-05 00:00:00,4家机构买入，成功率33.90%,58.23,17.3755,49715832.11,234712099.1,184996266.99,419708366.09,1580454448.0,3.1457,26.5562,50.8993,2240266660.29,连续三个交易日内，涨幅偏离值累计达到30%的证券,,,,,058001001,"{'SECURITY_CODE': '301373', 'SECUCODE': '301373.SZ', 'SECURITY_NAME_ABBR': '凌玮科技', 'TRADE_DATE': '2026-03-05 00:00:00', 'EXPLAIN': '4家机构买入，成功率33.90%', 'CLOSE_PRICE': 58.23, 'CHANGE_RATE': 17.3755, 'BILLBOARD_NET_AMT': 49715832.11, 'BILLBOARD_BUY_AMT': 234712099.1, 'BILLBOARD_SELL_AMT': 184996266.99, 'BILLBOARD_DEAL_AMT': 419708366.09, 'ACCUM_AMOUNT': 1580454448, 'DEAL_NET_RATIO': 3.1456668791, 'DEAL_AMOUNT_RATIO': 26.556182408239, 'TURNOVERRATE': 50.8993, 'FREE_MARKET_CAP': 2240266660.29, 'EXPLANATION': '连续三个交易日内，涨幅偏离值累计达到30%的证券', 'D1_CLOSE_ADJCHRATE': None, 'D2_CLOSE_ADJCHRATE': None, 'D5_CLOSE_ADJCHRATE': None, 'D10_CLOSE_ADJCHRATE': None, 'SECURITY_TYPE_CODE': '058001001'}"
301388,301388.SZ,欣灵电气,2026-03-05 00:00:00,3家机构卖出，成功率36.45%,37.76,-0.6316,-7921816.61,37119959.7,45041776.31,82161736.01,509576661.0,-1.5546,16.1235,47.6416,1032984762.88,日换手率达到30%的前5只证券,,,,,058001001,"{'SECURITY_CODE': '301388', 'SECUCODE': '301388.SZ', 'SECURITY_NAME_ABBR': '欣灵电气', 'TRADE_DATE': '2026-03-05 00:00:00', 'EXPLAIN': '3家机构卖出，成功率36.45%', 'CLOSE_PRICE': 37.76, 'CHANGE_RATE': -0.6316, 'BILLBOARD_NET_AMT': -7921816.61, 'BILLBOARD_BUY_AMT': 37119959.7, 'BILLBOARD_SELL_AMT': 45041776.31, 'BILLBOARD_DEAL_AMT': 82161736.01, 'ACCUM_AMOUNT': 509576661, 'DEAL_NET_RATIO': -1.554587801265, 'DEAL_AMOUNT_RATIO': 16.123528076966, 'TURNOVERRATE': 47.6416, 'FREE_MARKET_CAP': 1032984762.88, 'EXPLANATION': '日换手率达到30%的前5只证券', 'D1_CLOSE_ADJCHRATE': None, 'D2_CLOSE_ADJCHRATE': None, 'D5_CLOSE_ADJCHRATE': None, 'D10_CLOSE_ADJCHRATE': None, 'SECURITY_TYPE_CODE': '058001001'}"
301658,301658.SZ,首航新能,2026-03-05 00:00:00,3家机构卖出，成功率12.63%,36.45,-2.8,-46148305.12,72439227.65,118587532.77,191026760.42,626841915.0,-7.362,30.4745,42.333,1503092805.3,日换手率达到30%的前5只证券,,,,,058001001,"{'SECURITY_CODE': '301658', 'SECUCODE': '301658.SZ', 'SECURITY_NAME_ABBR': '首航新能', 'TRADE_DATE': '2026-03-05 00:00:00', 'EXPLAIN': '3家机构卖出，成功率12.63%', 'CLOSE_PRICE': 36.45, 'CHANGE_RATE': -2.8, 'BILLBOARD_NET_AMT': -46148305.12, 'BILLBOARD_BUY_AMT': 72439227.65, 'BILLBOARD_SELL_AMT': 118587532.77, 'BILLBOARD_DEAL_AMT': 191026760.42, 'ACCUM_AMOUNT': 626841915, 'DEAL_NET_RATIO': -7.362032438434, 'DEAL_AMOUNT_RATIO': 30.474471449472, 'TURNOVERRATE': 42.333, 'FREE_MARKET_CAP': 1503092805.3, 'EXPLANATION': '日换手率达到30%的前5只证券', 'D1_CLOSE_ADJCHRATE': None, 'D2_CLOSE_ADJCHRATE': None, 'D5_CLOSE_ADJCHRATE': None, 'D10_CLOSE_ADJCHRATE': None, 'SECURITY_TYPE_CODE': '058001001'}"
600026,600026.SH,中远海能,2026-03-05 00:00:00,1家机构买入，成功率46.16%,24.98,5.0021,281067582.01,1004396756.38,723329174.37,1727725930.75,5381331235.0,5.223,32.1059,6.3611,86799914347.1,有价格涨跌幅限制的日价格振幅达到15%的前五只证券,,,,,058001001,"{'SECURITY_CODE': '600026', 'SECUCODE': '600026.SH', 'SECURITY_NAME_ABBR': '中远海能', 'TRADE_DATE': '2026-03-05 00:00:00', 'EXPLAIN': '1家机构买入，成功率46.16%', 'CLOSE_PRICE': 24.98, 'CHANGE_RATE': 5.0021, 'BILLBOARD_NET_AMT': 281067582.01, 'BILLBOARD_BUY_AMT': 1004396756.38, 'BILLBOARD_SELL_AMT': 723329174.37, 'BILLBOARD_DEAL_AMT': 1727725930.75, 'ACCUM_AMOUNT': 5381331235, 'DEAL_NET_RATIO': 5.223012108639, 'DEAL_AMOUNT_RATIO': 32.105920548301, 'TURNOVERRATE': 6.3611, 'FREE_MARKET_CAP': 86799914347.1, 'EXPLANATION': '有价格涨跌幅限制的日价格振幅达到15%的前五只证券', 'D1_CLOSE_ADJCHRATE': None, 'D2_CLOSE_ADJCHRATE': None, 'D5_CLOSE_ADJCHRATE': None, 'D10_CLOSE_ADJCHRATE': None, 'SECURITY_TYPE_CODE': '058001001'}"
600108,600108.SH,亚盛集团,2026-03-05 00:00:00,普通席位卖出，成功率53.94%,5.02,-5.104,27782014.26,291150550.5,263368536.24,554519086.74,2913428206.0,0.9536,19.0332,28.6453,9773513907.42,有价格涨跌幅限制的日换手率达到20%的前五只证券,,,,,058001001,"{'SECURITY_CODE': '600108', 'SECUCODE': '600108.SH', 'SECURITY_NAME_ABBR': '亚盛集团', 'TRADE_DATE': '2026-03-05 00:00:00', 'EXPLAIN': '普通席位卖出，成功率53.94%', 'CLOSE_PRICE': 5.02, 'CHANGE_RATE': -5.104, 'BILLBOARD_NET_AMT': 27782014.26, 'BILLBOARD_BUY_AMT': 291150550.5, 'BILLBOARD_SELL_AMT': 263368536.24, 'BILLBOARD_DEAL_AMT': 554519086.74, 'ACCUM_AMOUNT': 2913428206, 'DEAL_NET_RATIO': 0.95358499663, 'DEAL_AMOUNT_RATIO': 19.033216112826, 'TURNOVERRATE': 28.6453, 'FREE_MARKET_CAP': 9773513907.42, 'EXPLANATION': '有价格涨跌幅限制的日换手率达到20%的前五只证券', 'D1_CLOSE_ADJCHRATE': None, 'D2_CLOSE_ADJCHRATE': None, 'D5_CLOSE_ADJCHRATE': None, 'D10_CLOSE_ADJCHRATE': None, 'SECURITY_TYPE_CODE': '058001001'}"
600313,600313.SH,农发种业,2026-03-05 00:00:00,卖一主卖，成功率46.43%,8.48,-8.2251,6278030.81,239752415.07,233474384.26,473226799.33,2016118668.0,0.3114,23.4722,21.6349,9177044662.24,有价格涨跌幅限制的日收盘价格跌幅偏离值达到7%的前五只证券,,,,,058001001,"{'SECURITY_CODE': '600313', 'SECUCODE': '600313.SH', 'SECURITY_NAME_ABBR': '农发种业', 'TRADE_DATE': '2026-03-05 00:00:00', 'EXPLAIN': '卖一主卖，成功率46.43%', 'CLOSE_PRICE': 8.48, 'CHANGE_RATE': -8.2251, 'BILLBOARD_NET_AMT': 6278030.81, 'BILLBOARD_BUY_AMT': 239752415.07, 'BILLBOARD_SELL_AMT': 233474384.26, 'BILLBOARD_DEAL_AMT': 473226799.33, 'ACCUM_AMOUNT': 2016118668, 'DEAL_NET_RATIO': 0.31139192894, 'DEAL_AMOUNT_RATIO': 23.472169909495, 'TURNOVERRATE': 21.6349, 'FREE_MARKET_CAP': 9177044662.24, 'EXPLANATION': '有价格涨跌幅限制的日收盘价格跌幅偏离值达到7%的前五只证券', 'D1_CLOSE_ADJCHRATE': None, 'D2_CLOSE_ADJCHRATE': None, 'D5_CLOSE_ADJCHRATE': None, 'D10_CLOSE_ADJCHRATE': None, 'SECURITY_TYPE_CODE': '058001001'}"
600339,600339.SH,中油工程,2026-03-05 00:00:00,卖一主卖，成功率31.09%,4.82,-8.0153,-91717100.91,130061853.51,221778954.42,351840807.93,1645395316.0,-5.5742,21.3834,6.0461,26910770810.22,有价格涨跌幅限制的日收盘价格跌幅偏离值达到7%的前五只证券,,,,,058001001,"{'SECURITY_CODE': '600339', 'SECUCODE': '600339.SH', 'SECURITY_NAME_ABBR': '中油工程', 'TRADE_DATE': '2026-03-05 00:00:00', 'EXPLAIN': '卖一主卖，成功率31.09%', 'CLOSE_PRICE': 4.82, 'CHANGE_RATE': -8.0153, 'BILLBOARD_NET_AMT': -91717100.91, 'BILLBOARD_BUY_AMT': 130061853.51, 'BILLBOARD_SELL_AMT': 221778954.42, 'BILLBOARD_DEAL_AMT': 351840807.93, 'ACCUM_AMOUNT': 1645395316, 'DEAL_NET_RATIO': -5.574168105265, 'DEAL_AMOUNT_RATIO': 21.383360248365, 'TURNOVERRATE': 6.0461, 'FREE_MARKET_CAP': 26910770810.22, 'EXPLANATION': '有价格涨跌幅限制的日收盘价格跌幅偏离值达到7%的前五只证券', 'D1_CLOSE_ADJCHRATE': None, 'D2_CLOSE_ADJCHRATE': None, 'D5_CLOSE_ADJCHRATE': None, 'D10_CLOSE_ADJCHRATE': None, 'SECURITY_TYPE_CODE': '058001001'}"
600354,600354.SH,敦煌种业,2026-03-05 00:00:00,普通席位卖出，成功率42.69%,6.94,-9.281,22297475.98,97919478.33,75622002.35,173541480.68,714106289.0,3.1224,24.3019,19.3003,3662946435.2,有价格涨跌幅限制的日收盘价格跌幅偏离值达到7%的前五只证券,,,,,058001001,"{'SECURITY_CODE': '600354', 'SECUCODE': '600354.SH', 'SECURITY_NAME_ABBR': '敦煌种业', 'TRADE_DATE': '2026-03-05 00:00:00', 'EXPLAIN': '普通席位卖出，成功率42.69%', 'CLOSE_PRICE': 6.94, 'CHANGE_RATE': -9.281, 'BILLBOARD_NET_AMT': 22297475.98, 'BILLBOARD_BUY_AMT': 97919478.33, 'BILLBOARD_SELL_AMT': 75622002.35, 'BILLBOARD_DEAL_AMT': 173541480.68, 'ACCUM_AMOUNT': 714106289, 'DEAL_NET_RATIO': 3.122430977498, 'DEAL_AMOUNT_RATIO': 24.301911823661, 'TURNOVERRATE': 19.3003, 'FREE_MARKET_CAP': 3662946435.2, 'EXPLANATION': '有价格涨跌幅限制的日收盘价格跌幅偏离值达到7%的前五只证券', 'D1_CLOSE_ADJCHRATE': None, 'D2_CLOSE_ADJCHRATE': None, 'D5_CLOSE_ADJCHRATE': None, 'D10_CLOSE_ADJCHRATE': None, 'SECURITY_TYPE_CODE': '058001001'}"
600410,600410.SH,华胜天成,2026-03-05 00:00:00,普通席位卖出，成功率44.47%,28.35,-2.4432,-342597209.74,547627938.91,890225148.65,1437853087.56,9329687477.0,-3.6721,15.4116,29.7208,31085624263.05,有价格涨跌幅限制的日换手率达到20%的前五只证券,,,,,058001001,"{'SECURITY_CODE': '600410', 'SECUCODE': '600410.SH', 'SECURITY_NAME_ABBR': '华胜天成', 'TRADE_DATE': '2026-03-05 00:00:00', 'EXPLAIN': '普通席位卖出，成功率44.47%', 'CLOSE_PRICE': 28.35, 'CHANGE_RATE': -2.4432, 'BILLBOARD_NET_AMT': -342597209.74, 'BILLBOARD_BUY_AMT': 547627938.91, 'BILLBOARD_SELL_AMT': 890225148.65, 'BILLBOARD_DEAL_AMT': 1437853087.56, 'ACCUM_AMOUNT': 9329687477, 'DEAL_NET_RATIO': -3.672118820535, 'DEAL_AMOUNT_RATIO': 15.411588985212, 'TURNOVERRATE': 29.7208, 'FREE_MARKET_CAP': 31085624263.05, 'EXPLANATION': '有价格涨跌幅限制的日换手率达到20%的前五只证券', 'D1_CLOSE_ADJCHRATE': None, 'D2_CLOSE_ADJCHRATE': None, 'D5_CLOSE_ADJCHRATE': None, 'D10_CLOSE_ADJCHRATE': None, 'SECURITY_TYPE_CODE': '058001001'}"
600468,600468.SH,百利电气,2026-03-05 00:00:00,普通席位买入，成功率46.09%,8.55,10.0386,64358523.09,195146904.05,130788380.96,325935285.01,1065176918.0,6.0421,30.5992,11.784,9300136994.55,有价格涨跌幅限制的日收盘价格涨幅偏离值达到7%的前五只证券,,,,,058001001,"{'SECURITY_CODE': '600468', 'SECUCODE': '600468.SH', 'SECURITY_NAME_ABBR': '百利电气', 'TRADE_DATE': '2026-03-05 00:00:00', 'EXPLAIN': '普通席位买入，成功率46.09%', 'CLOSE_PRICE': 8.55, 'CHANGE_RATE': 10.0386, 'BILLBOARD_NET_AMT': 64358523.09, 'BILLBOARD_BUY_AMT': 195146904.05, 'BILLBOARD_SELL_AMT': 130788380.96, 'BILLBOARD_DEAL_AMT': 325935285.01, 'ACCUM_AMOUNT': 1065176918, 'DEAL_NET_RATIO': 6.04205010477, 'DEAL_AMOUNT_RATIO': 30.599168973919, 'TURNOVERRATE': 11.784, 'FREE_MARKET_CAP': 9300136994.55, 'EXPLANATION': '有价格涨跌幅限制的日收盘价格涨幅偏离值达到7%的前五只证券', 'D1_CLOSE_ADJCHRATE': None, 'D2_CLOSE_ADJCHRATE': None, 'D5_CLOSE_ADJCHRATE': None, 'D10_CLOSE_ADJCHRATE': None, 'SECURITY_TYPE_CODE': '058001001'}"
600516,600516.SH,方大炭素,2026-03-05 00:00:00,1家机构买入，成功率44.53%,6.88,10.08,138140148.74,537404341.64,399264192.9,936668534.54,2873641686.0,4.8071,32.5952,10.5556,27698676131.84,有价格涨跌幅限制的日收盘价格涨幅偏离值达到7%的前五只证券,,,,,058001001,"{'SECURITY_CODE': '600516', 'SECUCODE': '600516.SH', 'SECURITY_NAME_ABBR': '方大炭素', 'TRADE_DATE': '2026-03-05 00:00:00', 'EXPLAIN': '1家机构买入，成功率44.53%', 'CLOSE_PRICE': 6.88, 'CHANGE_RATE': 10.08, 'BILLBOARD_NET_AMT': 138140148.74, 'BILLBOARD_BUY_AMT': 537404341.64, 'BILLBOARD_SELL_AMT': 399264192.9, 'BILLBOARD_DEAL_AMT': 936668534.54, 'ACCUM_AMOUNT': 2873641686, 'DEAL_NET_RATIO': 4.807145908726, 'DEAL_AMOUNT_RATIO': 32.595174934416, 'TURNOVERRATE': 10.5556, 'FREE_MARKET_CAP': 27698676131.84, 'EXPLANATION': '有价格涨跌幅限制的日收盘价格涨幅偏离值达到7%的前五只证券', 'D1_CLOSE_ADJCHRATE': None, 'D2_CLOSE_ADJCHRATE': None, 'D5_CLOSE_ADJCHRATE': None, 'D10_CLOSE_ADJCHRATE': None, 'SECURITY_TYPE_CODE': '058001001'}"
600545,600545.SH,卓郎智能,2026-03-05 00:00:00,普通席位买入，成功率50.75%,3.77,9.9125,12022264.98,85371795.35,73349530.37,158721325.72,661620000.0,1.8171,23.9898,1.0492,6740429076.94,非ST、*ST和S证券连续三个交易日内收盘价格涨幅偏离值累计达到20%的证券,,,,,058001001,"{'SECURITY_CODE': '600545', 'SECUCODE': '600545.SH', 'SECURITY_NAME_ABBR': '卓郎智能', 'TRADE_DATE': '2026-03-05 00:00:00', 'EXPLAIN': '普通席位买入，成功率50.75%', 'CLOSE_PRICE': 3.77, 'CHANGE_RATE': 9.9125, 'BILLBOARD_NET_AMT': 12022264.98, 'BILLBOARD_BUY_AMT': 85371795.35, 'BILLBOARD_SELL_AMT': 73349530.37, 'BILLBOARD_DEAL_AMT': 158721325.72, 'ACCUM_AMOUNT': 661620000, 'DEAL_NET_RATIO': 1.817095157341, 'DEAL_AMOUNT_RATIO': 23.98980165654, 'TURNOVERRATE': 1.0492, 'FREE_MARKET_CAP': 6740429076.94, 'EXPLANATION': '非ST、*ST和S证券连续三个交易日内收盘价格涨幅偏离值累计达到20%的证券', 'D1_CLOSE_ADJCHRATE': None, 'D2_CLOSE_ADJCHRATE': None, 'D5_CLOSE_ADJCHRATE': None, 'D10_CLOSE_ADJCHRATE': None, 'SECURITY_TYPE_CODE': '058001001'}"
600599,600599.SH,*ST熊猫,2026-03-05 00:00:00,普通席位卖出，成功率56.94%,4.64,-4.918,-173509.0,3805598.0,3979107.0,7784705.0,35119997.0,-0.494,22.166,0.3624,770240000.0,ST、*ST证券连续三个交易日内收盘价格跌幅偏离值累计达到12%的证券,,,,,058001001,"{'SECURITY_CODE': '600599', 'SECUCODE': '600599.SH', 'SECURITY_NAME_ABBR': '*ST熊猫', 'TRADE_DATE': '2026-03-05 00:00:00', 'EXPLAIN': '普通席位卖出，成功率56.94%', 'CLOSE_PRICE': 4.64, 'CHANGE_RATE': -4.918, 'BILLBOARD_NET_AMT': -173509, 'BILLBOARD_BUY_AMT': 3805598, 'BILLBOARD_SELL_AMT': 3979107, 'BILLBOARD_DEAL_AMT': 7784705, 'ACCUM_AMOUNT': 35119997, 'DEAL_NET_RATIO': -0.494046169765, 'DEAL_AMOUNT_RATIO': 22.166018408259, 'TURNOVERRATE': 0.3624, 'FREE_MARKET_CAP': 770240000, 'EXPLANATION': 'ST、*ST证券连续三个交易日内收盘价格跌幅偏离值累计达到12%的证券', 'D1_CLOSE_ADJCHRATE': None, 'D2_CLOSE_ADJCHRATE': None, 'D5_CLOSE_ADJCHRATE': None, 'D10_CLOSE_ADJCHRATE': None, 'SECURITY_TYPE_CODE': '058001001'}"
600703,600703.SH,三安光电,2026-03-05 00:00:00,买一主买，成功率40.14%,16.13,10.0273,889206575.0,954643554.0,65436979.0,1020080533.0,1280844286.0,69.4235,79.6413,1.5925,80472872066.51,有价格涨跌幅限制的日收盘价格涨幅偏离值达到7%的前五只证券,,,,,058001001,"{'SECURITY_CODE': '600703', 'SECUCODE': '600703.SH', 'SECURITY_NAME_ABBR': '三安光电', 'TRADE_DATE': '2026-03-05 00:00:00', 'EXPLAIN': '买一主买，成功率40.14%', 'CLOSE_PRICE': 16.13, 'CHANGE_RATE': 10.0273, 'BILLBOARD_NET_AMT': 889206575, 'BILLBOARD_BUY_AMT': 954643554, 'BILLBOARD_SELL_AMT': 65436979, 'BILLBOARD_DEAL_AMT': 1020080533, 'ACCUM_AMOUNT': 1280844286, 'DEAL_NET_RATIO': 69.42347205818, 'DEAL_AMOUNT_RATIO': 79.641260389711, 'TURNOVERRATE': 1.5925, 'FREE_MARKET_CAP': 80472872066.51, 'EXPLANATION': '有价格涨跌幅限制的日收盘价格涨幅偏离值达到7%的前五只证券', 'D1_CLOSE_ADJCHRATE': None, 'D2_CLOSE_ADJCHRATE': None, 'D5_CLOSE_ADJCHRATE': None, 'D10_CLOSE_ADJCHRATE': None, 'SECURITY_TYPE_CODE': '058001001'}"
600714,600714.SH,金瑞矿业,2026-03-05 00:00:00,普通席位买入，成功率44.60%,23.79,4.2964,-60747834.77,134057809.8,194805644.57,328863454.37,1308159172.0,-4.6438,25.1394,20.148,6855713534.67,有价格涨跌幅限制的日价格振幅达到15%的前五只证券,,,,,058001001,"{'SECURITY_CODE': '600714', 'SECUCODE': '600714.SH', 'SECURITY_NAME_ABBR': '金瑞矿业', 'TRADE_DATE': '2026-03-05 00:00:00', 'EXPLAIN': '普通席位买入，成功率44.60%', 'CLOSE_PRICE': 23.79, 'CHANGE_RATE': 4.2964, 'BILLBOARD_NET_AMT': -60747834.77, 'BILLBOARD_BUY_AMT': 134057809.8, 'BILLBOARD_SELL_AMT': 194805644.57, 'BILLBOARD_DEAL_AMT': 328863454.37, 'ACCUM_AMOUNT': 1308159172, 'DEAL_NET_RATIO': -4.643764770393, 'DEAL_AMOUNT_RATIO': 25.139406687583, 'TURNOVERRATE': 20.148, 'FREE_MARKET_CAP': 6855713534.67, 'EXPLANATION': '有价格涨跌幅限制的日价格振幅达到15%的前五只证券', 'D1_CLOSE_ADJCHRATE': None, 'D2_CLOSE_ADJCHRATE': None, 'D5_CLOSE_ADJCHRATE': None, 'D10_CLOSE_ADJCHRATE': None, 'SECURITY_TYPE_CODE': '058001001'}"
600722,600722.SH,金牛化工,2026-03-05 00:00:00,上海资金买入，成功率42.60%,12.3,2.6711,30071475.66,201683303.5,171611827.84,373295131.34,2192727384.0,1.3714,17.0242,27.0147,8367932014.8,有价格涨跌幅限制的日价格振幅达到15%的前五只证券,,,,,058001001,"{'SECURITY_CODE': '600722', 'SECUCODE': '600722.SH', 'SECURITY_NAME_ABBR': '金牛化工', 'TRADE_DATE': '2026-03-05 00:00:00', 'EXPLAIN': '上海资金买入，成功率42.60%', 'CLOSE_PRICE': 12.3, 'CHANGE_RATE': 2.6711, 'BILLBOARD_NET_AMT': 30071475.66, 'BILLBOARD_BUY_AMT': 201683303.5, 'BILLBOARD_SELL_AMT': 171611827.84, 'BILLBOARD_DEAL_AMT': 373295131.34, 'ACCUM_AMOUNT': 2192727384, 'DEAL_NET_RATIO': 1.371418803789, 'DEAL_AMOUNT_RATIO': 17.024238127543, 'TURNOVERRATE': 27.0147, 'FREE_MARKET_CAP': 8367932014.8, 'EXPLANATION': '有价格涨跌幅限制的日价格振幅达到15%的前五只证券', 'D1_CLOSE_ADJCHRATE': None, 'D2_CLOSE_ADJCHRATE': None, 'D5_CLOSE_ADJCHRATE': None, 'D10_CLOSE_ADJCHRATE': None, 'SECURITY_TYPE_CODE': '058001001'}"
600722,600722.SH,金牛化工,2026-03-05 00:00:00,上海资金买入，成功率42.60%,12.3,2.6711,30071475.66,201683303.5,171611827.84,373295131.34,2192727384.0,1.3714,17.0242,27.0147,8367932014.8,有价格涨跌幅限制的日换手率达到20%的前五只证券,,,,,058001001,"{'SECURITY_CODE': '600722', 'SECUCODE': '600722.SH', 'SECURITY_NAME_ABBR': '金牛化工', 'TRADE_DATE': '2026-03-05 00:00:00', 'EXPLAIN': '上海资金买入，成功率42.60%', 'CLOSE_PRICE': 12.3, 'CHANGE_RATE': 2.6711, 'BILLBOARD_NET_AMT': 30071475.66, 'BILLBOARD_BUY_AMT': 201683303.5, 'BILLBOARD_SELL_AMT': 171611827.84, 'BILLBOARD_DEAL_AMT': 373295131.34, 'ACCUM_AMOUNT': 2192727384, 'DEAL_NET_RATIO': 1.371418803789, 'DEAL_AMOUNT_RATIO': 17.024238127543, 'TURNOVERRATE': 27.0147, 'FREE_MARKET_CAP': 8367932014.8, 'EXPLANATION': '有价格涨跌幅限制的日换手率达到20%的前五只证券', 'D1_CLOSE_ADJCHRATE': None, 'D2_CLOSE_ADJCHRATE': None, 'D5_CLOSE_ADJCHRATE': None, 'D10_CLOSE_ADJCHRATE': None, 'SECURITY_TYPE_CODE': '058001001'}"
600759,600759.SH,洲际油气,2026-03-05 00:00:00,2家机构买入，成功率44.29%,8.7,5.3269,-559786869.15,1294685918.62,1854472787.77,3149158706.39,12525996752.0,-4.469,25.141,35.5303,36050066286.0,有价格涨跌幅限制的日换手率达到20%的前五只证券,,,,,058001001,"{'SECURITY_CODE': '600759', 'SECUCODE': '600759.SH', 'SECURITY_NAME_ABBR': '洲际油气', 'TRADE_DATE': '2026-03-05 00:00:00', 'EXPLAIN': '2家机构买入，成功率44.29%', 'CLOSE_PRICE': 8.7, 'CHANGE_RATE': 5.3269, 'BILLBOARD_NET_AMT': -559786869.15, 'BILLBOARD_BUY_AMT': 1294685918.62, 'BILLBOARD_SELL_AMT': 1854472787.77, 'BILLBOARD_DEAL_AMT': 3149158706.39, 'ACCUM_AMOUNT': 12525996752, 'DEAL_NET_RATIO': -4.469000593191, 'DEAL_AMOUNT_RATIO': 25.140982939239, 'TURNOVERRATE': 35.5303, 'FREE_MARKET_CAP': 36050066286, 'EXPLANATION': '有价格涨跌幅限制的日换手率达到20%的前五只证券', 'D1_CLOSE_ADJCHRATE': None, 'D2_CLOSE_ADJCHRATE': None, 'D5_CLOSE_ADJCHRATE': None, 'D10_CLOSE_ADJCHRATE': None, 'SECURITY_TYPE_CODE': '058001001'}"
600759,600759.SH,洲际油气,2026-03-05 00:00:00,2家机构买入，成功率44.29%,8.7,5.3269,-559786869.15,1294685918.62,1854472787.77,3149158706.39,12525996752.0,-4.469,25.141,35.5303,36050066286.0,有价格涨跌幅限制的日价格振幅达到15%的前五只证券,,,,,058001001,"{'SECURITY_CODE': '600759', 'SECUCODE': '600759.SH', 'SECURITY_NAME_ABBR': '洲际油气', 'TRADE_DATE': '2026-03-05 00:00:00', 'EXPLAIN': '2家机构买入，成功率44.29%', 'CLOSE_PRICE': 8.7, 'CHANGE_RATE': 5.3269, 'BILLBOARD_NET_AMT': -559786869.15, 'BILLBOARD_BUY_AMT': 1294685918.62, 'BILLBOARD_SELL_AMT': 1854472787.77, 'BILLBOARD_DEAL_AMT': 3149158706.39, 'ACCUM_AMOUNT': 12525996752, 'DEAL_NET_RATIO': -4.469000593191, 'DEAL_AMOUNT_RATIO': 25.140982939239, 'TURNOVERRATE': 35.5303, 'FREE_MARKET_CAP': 36050066286, 'EXPLANATION': '有价格涨跌幅限制的日价格振幅达到15%的前五只证券', 'D1_CLOSE_ADJCHRATE': None, 'D2_CLOSE_ADJCHRATE': None, 'D5_CLOSE_ADJCHRATE': None, 'D10_CLOSE_ADJCHRATE': None, 'SECURITY_TYPE_CODE': '058001001'}"
600800,600800.SH,渤海化学,2026-03-05 00:00:00,普通席位买入，成功率45.95%,4.81,10.0686,82809177.69,131974687.64,49165509.95,181140197.59,629951723.0,13.1453,28.7546,12.0411,5337802338.96,有价格涨跌幅限制的日收盘价格涨幅偏离值达到7%的前五只证券,,,,,058001001,"{'SECURITY_CODE': '600800', 'SECUCODE': '600800.SH', 'SECURITY_NAME_ABBR': '渤海化学', 'TRADE_DATE': '2026-03-05 00:00:00', 'EXPLAIN': '普通席位买入，成功率45.95%', 'CLOSE_PRICE': 4.81, 'CHANGE_RATE': 10.0686, 'BILLBOARD_NET_AMT': 82809177.69, 'BILLBOARD_BUY_AMT': 131974687.64, 'BILLBOARD_SELL_AMT': 49165509.95, 'BILLBOARD_DEAL_AMT': 181140197.59, 'ACCUM_AMOUNT': 629951723, 'DEAL_NET_RATIO': 13.145321247101, 'DEAL_AMOUNT_RATIO': 28.754615786645, 'TURNOVERRATE': 12.0411, 'FREE_MARKET_CAP': 5337802338.96, 'EXPLANATION': '有价格涨跌幅限制的日收盘价格涨幅偏离值达到7%的前五只证券', 'D1_CLOSE_ADJCHRATE': None, 'D2_CLOSE_ADJCHRATE': None, 'D5_CLOSE_ADJCHRATE': None, 'D10_CLOSE_ADJCHRATE': None, 'SECURITY_TYPE_CODE': '058001001'}"
600875,600875.SH,东方电气,2026-03-05 00:00:00,1家机构买入，成功率45.45%,42.21,10.0078,-26755115.15,1340077035.27,1366832150.42,2706909185.69,9625999401.0,-0.2779,28.1208,3.6271,95536703974.95,非ST、*ST和S证券连续三个交易日内收盘价格涨幅偏离值累计达到20%的证券,,,,,058001001,"{'SECURITY_CODE': '600875', 'SECUCODE': '600875.SH', 'SECURITY_NAME_ABBR': '东方电气', 'TRADE_DATE': '2026-03-05 00:00:00', 'EXPLAIN': '1家机构买入，成功率45.45%', 'CLOSE_PRICE': 42.21, 'CHANGE_RATE': 10.0078, 'BILLBOARD_NET_AMT': -26755115.1500001, 'BILLBOARD_BUY_AMT': 1340077035.27, 'BILLBOARD_SELL_AMT': 1366832150.42, 'BILLBOARD_DEAL_AMT': 2706909185.69, 'ACCUM_AMOUNT': 9625999401, 'DEAL_NET_RATIO': -0.277946362091, 'DEAL_AMOUNT_RATIO': 28.120811906645, 'TURNOVERRATE': 3.6271, 'FREE_MARKET_CAP': 95536703974.95, 'EXPLANATION': '非ST、*ST和S证券连续三个交易日内收盘价格涨幅偏离值累计达到20%的证券', 'D1_CLOSE_ADJCHRATE': None, 'D2_CLOSE_ADJCHRATE': None, 'D5_CLOSE_ADJCHRATE': None, 'D10_CLOSE_ADJCHRATE': None, 'SECURITY_TYPE_CODE': '058001001'}"
601179,601179.SH,中国西电,2026-03-05 00:00:00,普通席位买入，成功率35.71%,18.11,10.0243,289748631.2,836187309.99,546438678.79,1382625988.78,5718916740.0,5.0665,24.1764,6.3346,92829729394.72,有价格涨跌幅限制的日收盘价格涨幅偏离值达到7%的前五只证券,,,,,058001001,"{'SECURITY_CODE': '601179', 'SECUCODE': '601179.SH', 'SECURITY_NAME_ABBR': '中国西电', 'TRADE_DATE': '2026-03-05 00:00:00', 'EXPLAIN': '普通席位买入，成功率35.71%', 'CLOSE_PRICE': 18.11, 'CHANGE_RATE': 10.0243, 'BILLBOARD_NET_AMT': 289748631.2, 'BILLBOARD_BUY_AMT': 836187309.99, 'BILLBOARD_SELL_AMT': 546438678.79, 'BILLBOARD_DEAL_AMT': 1382625988.78, 'ACCUM_AMOUNT': 5718916740, 'DEAL_NET_RATIO': 5.066495008983, 'DEAL_AMOUNT_RATIO': 24.176361567033, 'TURNOVERRATE': 6.3346, 'FREE_MARKET_CAP': 92829729394.72, 'EXPLANATION': '有价格涨跌幅限制的日收盘价格涨幅偏离值达到7%的前五只证券', 'D1_CLOSE_ADJCHRATE': None, 'D2_CLOSE_ADJCHRATE': None, 'D5_CLOSE_ADJCHRATE': None, 'D10_CLOSE_ADJCHRATE': None, 'SECURITY_TYPE_CODE': '058001001'}"
603163,603163.SH,圣晖集成,2026-03-05 00:00:00,4家机构卖出，成功率44.20%,112.0,-8.3845,-235216727.52,100935212.34,336151939.86,437087152.2,890405475.0,-26.4168,49.0886,7.5924,11200000000.0,有价格涨跌幅限制的日收盘价格跌幅偏离值达到7%的前五只证券,,,,,058001001,"{'SECURITY_CODE': '603163', 'SECUCODE': '603163.SH', 'SECURITY_NAME_ABBR': '圣晖集成', 'TRADE_DATE': '2026-03-05 00:00:00', 'EXPLAIN': '4家机构卖出，成功率44.20%', 'CLOSE_PRICE': 112, 'CHANGE_RATE': -8.3845, 'BILLBOARD_NET_AMT': -235216727.52, 'BILLBOARD_BUY_AMT': 100935212.34, 'BILLBOARD_SELL_AMT': 336151939.86, 'BILLBOARD_DEAL_AMT': 437087152.2, 'ACCUM_AMOUNT': 890405475, 'DEAL_NET_RATIO': -26.416810557011, 'DEAL_AMOUNT_RATIO': 49.088551729761, 'TURNOVERRATE': 7.5924, 'FREE_MARKET_CAP': 11200000000, 'EXPLANATION': '有价格涨跌幅限制的日收盘价格跌幅偏离值达到7%的前五只证券', 'D1_CLOSE_ADJCHRATE': None, 'D2_CLOSE_ADJCHRATE': None, 'D5_CLOSE_ADJCHRATE': None, 'D10_CLOSE_ADJCHRATE': None, 'SECURITY_TYPE_CODE': '058001001'}"
603318,603318.SH,水发燃气,2026-03-05 00:00:00,普通席位卖出，成功率52.67%,9.6,-10.0281,-50618804.36,125891805.52,176510609.88,302402415.4,1522496894.0,-3.3247,19.8623,33.1963,4407080870.4,有价格涨跌幅限制的日收盘价格跌幅偏离值达到7%的前五只证券,,,,,058001001,"{'SECURITY_CODE': '603318', 'SECUCODE': '603318.SH', 'SECURITY_NAME_ABBR': '水发燃气', 'TRADE_DATE': '2026-03-05 00:00:00', 'EXPLAIN': '普通席位卖出，成功率52.67%', 'CLOSE_PRICE': 9.6, 'CHANGE_RATE': -10.0281, 'BILLBOARD_NET_AMT': -50618804.36, 'BILLBOARD_BUY_AMT': 125891805.52, 'BILLBOARD_SELL_AMT': 176510609.88, 'BILLBOARD_DEAL_AMT': 302402415.4, 'ACCUM_AMOUNT': 1522496894, 'DEAL_NET_RATIO': -3.324722996775, 'DEAL_AMOUNT_RATIO': 19.862268132811, 'TURNOVERRATE': 33.1963, 'FREE_MARKET_CAP': 4407080870.4, 'EXPLANATION': '有价格涨跌幅限制的日收盘价格跌幅偏离值达到7%的前五只证券', 'D1_CLOSE_ADJCHRATE': None, 'D2_CLOSE_ADJCHRATE': None, 'D5_CLOSE_ADJCHRATE': None, 'D10_CLOSE_ADJCHRATE': None, 'SECURITY_TYPE_CODE': '058001001'}"
603318,603318.SH,水发燃气,2026-03-05 00:00:00,普通席位卖出，成功率52.67%,9.6,-10.0281,-50618804.36,125891805.52,176510609.88,302402415.4,1522496894.0,-3.3247,19.8623,33.1963,4407080870.4,有价格涨跌幅限制的日换手率达到20%的前五只证券,,,,,058001001,"{'SECURITY_CODE': '603318', 'SECUCODE': '603318.SH', 'SECURITY_NAME_ABBR': '水发燃气', 'TRADE_DATE': '2026-03-05 00:00:00', 'EXPLAIN': '普通席位卖出，成功率52.67%', 'CLOSE_PRICE': 9.6, 'CHANGE_RATE': -10.0281, 'BILLBOARD_NET_AMT': -50618804.36, 'BILLBOARD_BUY_AMT': 125891805.52, 'BILLBOARD_SELL_AMT': 176510609.88, 'BILLBOARD_DEAL_AMT': 302402415.4, 'ACCUM_AMOUNT': 1522496894, 'DEAL_NET_RATIO': -3.324722996775, 'DEAL_AMOUNT_RATIO': 19.862268132811, 'TURNOVERRATE': 33.1963, 'FREE_MARKET_CAP': 4407080870.4, 'EXPLANATION': '有价格涨跌幅限制的日换手率达到20%的前五只证券', 'D1_CLOSE_ADJCHRATE': None, 'D2_CLOSE_ADJCHRATE': None, 'D5_CLOSE_ADJCHRATE': None, 'D10_CLOSE_ADJCHRATE': None, 'SECURITY_TYPE_CODE': '058001001'}"
603727,603727.SH,博迈科,2026-03-05 00:00:00,1家机构买入，成功率58.71%,19.64,0.0509,40020569.85,68002674.3,27982104.45,95984778.75,564977403.0,7.0836,16.9891,10.3341,5532966600.28,有价格涨跌幅限制的日价格振幅达到15%的前五只证券,,,,,058001001,"{'SECURITY_CODE': '603727', 'SECUCODE': '603727.SH', 'SECURITY_NAME_ABBR': '博迈科', 'TRADE_DATE': '2026-03-05 00:00:00', 'EXPLAIN': '1家机构买入，成功率58.71%', 'CLOSE_PRICE': 19.64, 'CHANGE_RATE': 0.0509, 'BILLBOARD_NET_AMT': 40020569.85, 'BILLBOARD_BUY_AMT': 68002674.3, 'BILLBOARD_SELL_AMT': 27982104.45, 'BILLBOARD_DEAL_AMT': 95984778.75, 'ACCUM_AMOUNT': 564977403, 'DEAL_NET_RATIO': 7.083570004303, 'DEAL_AMOUNT_RATIO': 16.989135891157, 'TURNOVERRATE': 10.3341, 'FREE_MARKET_CAP': 5532966600.28, 'EXPLANATION': '有价格涨跌幅限制的日价格振幅达到15%的前五只证券', 'D1_CLOSE_ADJCHRATE': None, 'D2_CLOSE_ADJCHRATE': None, 'D5_CLOSE_ADJCHRATE': None, 'D10_CLOSE_ADJCHRATE': None, 'SECURITY_TYPE_CODE': '058001001'}"
603813,603813.SH,*ST原尚,2026-03-05 00:00:00,买一主买，成功率45.33%,36.18,4.9913,5076702.0,20145078.0,15068376.0,35213454.0,80573132.0,6.3007,43.7037,0.5782,3799442700.0,ST、*ST证券连续三个交易日内收盘价格涨幅偏离值累计达到12%的证券,,,,,058001001,"{'SECURITY_CODE': '603813', 'SECUCODE': '603813.SH', 'SECURITY_NAME_ABBR': '*ST原尚', 'TRADE_DATE': '2026-03-05 00:00:00', 'EXPLAIN': '买一主买，成功率45.33%', 'CLOSE_PRICE': 36.18, 'CHANGE_RATE': 4.9913, 'BILLBOARD_NET_AMT': 5076702, 'BILLBOARD_BUY_AMT': 20145078, 'BILLBOARD_SELL_AMT': 15068376, 'BILLBOARD_DEAL_AMT': 35213454, 'ACCUM_AMOUNT': 80573132, 'DEAL_NET_RATIO': 6.300738067375, 'DEAL_AMOUNT_RATIO': 43.703717512185, 'TURNOVERRATE': 0.5782, 'FREE_MARKET_CAP': 3799442700, 'EXPLANATION': 'ST、*ST证券连续三个交易日内收盘价格涨幅偏离值累计达到12%的证券', 'D1_CLOSE_ADJCHRATE': None, 'D2_CLOSE_ADJCHRATE': None, 'D5_CLOSE_ADJCHRATE': None, 'D10_CLOSE_ADJCHRATE': None, 'SECURITY_TYPE_CODE': '058001001'}"
605268,605268.SH,王力安防,2026-03-05 00:00:00,普通席位买入，成功率45.56%,12.67,9.9826,23242795.87,74371134.87,51128339.0,125499473.87,151192547.0,15.373,83.0064,0.846,5581039975.0,非ST、*ST和S证券连续三个交易日内收盘价格涨幅偏离值累计达到20%的证券,,,,,058001001,"{'SECURITY_CODE': '605268', 'SECUCODE': '605268.SH', 'SECURITY_NAME_ABBR': '王力安防', 'TRADE_DATE': '2026-03-05 00:00:00', 'EXPLAIN': '普通席位买入，成功率45.56%', 'CLOSE_PRICE': 12.67, 'CHANGE_RATE': 9.9826, 'BILLBOARD_NET_AMT': 23242795.87, 'BILLBOARD_BUY_AMT': 74371134.87, 'BILLBOARD_SELL_AMT': 51128339, 'BILLBOARD_DEAL_AMT': 125499473.87, 'ACCUM_AMOUNT': 151192547, 'DEAL_NET_RATIO': 15.372977260579, 'DEAL_AMOUNT_RATIO': 83.006389111231, 'TURNOVERRATE': 0.846, 'FREE_MARKET_CAP': 5581039975, 'EXPLANATION': '非ST、*ST和S证券连续三个交易日内收盘价格涨幅偏离值累计达到20%的证券', 'D1_CLOSE_ADJCHRATE': None, 'D2_CLOSE_ADJCHRATE': None, 'D5_CLOSE_ADJCHRATE': None, 'D10_CLOSE_ADJCHRATE': None, 'SECURITY_TYPE_CODE': '058001001'}"
688031,688031.SH,星环科技,2026-03-05 00:00:00,普通席位买入，成功率52.58%,223.21,19.9989,195258353.01,519123689.78,323865336.77,842989026.55,2668699000.0,7.3166,31.588,10.929,27038747810.36,有价格涨跌幅限制的日收盘价格涨幅达到15%的前五只证券,,,,,058001001,"{'SECURITY_CODE': '688031', 'SECUCODE': '688031.SH', 'SECURITY_NAME_ABBR': '星环科技', 'TRADE_DATE': '2026-03-05 00:00:00', 'EXPLAIN': '普通席位买入，成功率52.58%', 'CLOSE_PRICE': 223.21, 'CHANGE_RATE': 19.9989, 'BILLBOARD_NET_AMT': 195258353.01, 'BILLBOARD_BUY_AMT': 519123689.78, 'BILLBOARD_SELL_AMT': 323865336.77, 'BILLBOARD_DEAL_AMT': 842989026.55, 'ACCUM_AMOUNT': 2668699000, 'DEAL_NET_RATIO': 7.316612064905, 'DEAL_AMOUNT_RATIO': 31.588014480089, 'TURNOVERRATE': 10.929, 'FREE_MARKET_CAP': 27038747810.36, 'EXPLANATION': '有价格涨跌幅限制的日收盘价格涨幅达到15%的前五只证券', 'D1_CLOSE_ADJCHRATE': None, 'D2_CLOSE_ADJCHRATE': None, 'D5_CLOSE_ADJCHRATE': None, 'D10_CLOSE_ADJCHRATE': None, 'SECURITY_TYPE_CODE': '058001001'}"
688055,688055.SH,龙腾光电,2026-03-05 00:00:00,买一主买，成功率47.37%,4.25,20.0565,29769519.59,63082280.99,33312761.4,96395042.39,229378100.0,12.9784,42.0245,1.6491,14166666950.0,有价格涨跌幅限制的日收盘价格涨幅达到15%的前五只证券,,,,,058001001,"{'SECURITY_CODE': '688055', 'SECUCODE': '688055.SH', 'SECURITY_NAME_ABBR': '龙腾光电', 'TRADE_DATE': '2026-03-05 00:00:00', 'EXPLAIN': '买一主买，成功率47.37%', 'CLOSE_PRICE': 4.25, 'CHANGE_RATE': 20.0565, 'BILLBOARD_NET_AMT': 29769519.59, 'BILLBOARD_BUY_AMT': 63082280.99, 'BILLBOARD_SELL_AMT': 33312761.4, 'BILLBOARD_DEAL_AMT': 96395042.39, 'ACCUM_AMOUNT': 229378100, 'DEAL_NET_RATIO': 12.978361748572, 'DEAL_AMOUNT_RATIO': 42.024518639748, 'TURNOVERRATE': 1.6491, 'FREE_MARKET_CAP': 14166666950, 'EXPLANATION': '有价格涨跌幅限制的日收盘价格涨幅达到15%的前五只证券', 'D1_CLOSE_ADJCHRATE': None, 'D2_CLOSE_ADJCHRATE': None, 'D5_CLOSE_ADJCHRATE': None, 'D10_CLOSE_ADJCHRATE': None, 'SECURITY_TYPE_CODE': '058001001'}"
688079,688079.SH,美迪凯,2026-03-05 00:00:00,上海资金买入，成功率47.30%,13.82,19.9653,31216349.49,81496175.02,50279825.53,131776000.55,298201300.0,10.4682,44.1903,5.5603,5586265935.38,有价格涨跌幅限制的日收盘价格涨幅达到15%的前五只证券,,,,,058001001,"{'SECURITY_CODE': '688079', 'SECUCODE': '688079.SH', 'SECURITY_NAME_ABBR': '美迪凯', 'TRADE_DATE': '2026-03-05 00:00:00', 'EXPLAIN': '上海资金买入，成功率47.30%', 'CLOSE_PRICE': 13.82, 'CHANGE_RATE': 19.9653, 'BILLBOARD_NET_AMT': 31216349.49, 'BILLBOARD_BUY_AMT': 81496175.02, 'BILLBOARD_SELL_AMT': 50279825.53, 'BILLBOARD_DEAL_AMT': 131776000.55, 'ACCUM_AMOUNT': 298201300, 'DEAL_NET_RATIO': 10.468213750242, 'DEAL_AMOUNT_RATIO': 44.190283727804, 'TURNOVERRATE': 5.5603, 'FREE_MARKET_CAP': 5586265935.38, 'EXPLANATION': '有价格涨跌幅限制的日收盘价格涨幅达到15%的前五只证券', 'D1_CLOSE_ADJCHRATE': None, 'D2_CLOSE_ADJCHRATE': None, 'D5_CLOSE_ADJCHRATE': None, 'D10_CLOSE_ADJCHRATE': None, 'SECURITY_TYPE_CODE': '058001001'}"
688383,688383.SH,新益昌,2026-03-05 00:00:00,普通席位买入，成功率35.88%,76.15,15.9939,11573607.46,107081975.49,95508368.03,202590343.52,295383400.0,3.9182,68.5856,3.8959,7777473640.0,有价格涨跌幅限制的日收盘价格涨幅达到15%的前五只证券,,,,,058001001,"{'SECURITY_CODE': '688383', 'SECUCODE': '688383.SH', 'SECURITY_NAME_ABBR': '新益昌', 'TRADE_DATE': '2026-03-05 00:00:00', 'EXPLAIN': '普通席位买入，成功率35.88%', 'CLOSE_PRICE': 76.15, 'CHANGE_RATE': 15.9939, 'BILLBOARD_NET_AMT': 11573607.46, 'BILLBOARD_BUY_AMT': 107081975.49, 'BILLBOARD_SELL_AMT': 95508368.03, 'BILLBOARD_DEAL_AMT': 202590343.52, 'ACCUM_AMOUNT': 295383400, 'DEAL_NET_RATIO': 3.918164480468, 'DEAL_AMOUNT_RATIO': 68.585554746814, 'TURNOVERRATE': 3.8959, 'FREE_MARKET_CAP': 7777473640, 'EXPLANATION': '有价格涨跌幅限制的日收盘价格涨幅达到15%的前五只证券', 'D1_CLOSE_ADJCHRATE': None, 'D2_CLOSE_ADJCHRATE': None, 'D5_CLOSE_ADJCHRATE': None, 'D10_CLOSE_ADJCHRATE': None, 'SECURITY_TYPE_CODE': '058001001'}"
688809,688809.SH,强一股份,2026-03-05 00:00:00,1家机构买入，成功率43.19%,387.9,17.517,91371993.22,302495891.16,211123897.94,513619789.1,2110172000.0,4.3301,24.3402,22.4374,9446532191.1,有价格涨跌幅限制的日收盘价格涨幅达到15%的前五只证券,,,,,058001001,"{'SECURITY_CODE': '688809', 'SECUCODE': '688809.SH', 'SECURITY_NAME_ABBR': '强一股份', 'TRADE_DATE': '2026-03-05 00:00:00', 'EXPLAIN': '1家机构买入，成功率43.19%', 'CLOSE_PRICE': 387.9, 'CHANGE_RATE': 17.517, 'BILLBOARD_NET_AMT': 91371993.22, 'BILLBOARD_BUY_AMT': 302495891.16, 'BILLBOARD_SELL_AMT': 211123897.94, 'BILLBOARD_DEAL_AMT': 513619789.1, 'ACCUM_AMOUNT': 2110172000, 'DEAL_NET_RATIO': 4.330073246162, 'DEAL_AMOUNT_RATIO': 24.340185970622, 'TURNOVERRATE': 22.4374, 'FREE_MARKET_CAP': 9446532191.1, 'EXPLANATION': '有价格涨跌幅限制的日收盘价格涨幅达到15%的前五只证券', 'D1_CLOSE_ADJCHRATE': None, 'D2_CLOSE_ADJCHRATE': None, 'D5_CLOSE_ADJCHRATE': None, 'D10_CLOSE_ADJCHRATE': None, 'SECURITY_TYPE_CODE': '058001001'}"
920001,920001.BJ,纬达光电,2026-03-05 00:00:00,普通席位买入，成功率50.67%,21.33,29.9817,-1404633.22,39438827.1,40843460.32,80282287.42,217860100.0,-0.6447,36.8504,11.8917,1891779456.6,当日收盘价涨幅达到20%的前5只股票,,,,,058001001,"{'SECURITY_CODE': '920001', 'SECUCODE': '920001.BJ', 'SECURITY_NAME_ABBR': '纬达光电', 'TRADE_DATE': '2026-03-05 00:00:00', 'EXPLAIN': '普通席位买入，成功率50.67%', 'CLOSE_PRICE': 21.33, 'CHANGE_RATE': 29.9817, 'BILLBOARD_NET_AMT': -1404633.22, 'BILLBOARD_BUY_AMT': 39438827.1, 'BILLBOARD_SELL_AMT': 40843460.32, 'BILLBOARD_DEAL_AMT': 80282287.42, 'ACCUM_AMOUNT': 217860100, 'DEAL_NET_RATIO': -0.644740923189, 'DEAL_AMOUNT_RATIO': 36.850385830173, 'TURNOVERRATE': 11.8917, 'FREE_MARKET_CAP': 1891779456.6, 'EXPLANATION': '当日收盘价涨幅达到20%的前5只股票', 'D1_CLOSE_ADJCHRATE': None, 'D2_CLOSE_ADJCHRATE': None, 'D5_CLOSE_ADJCHRATE': None, 'D10_CLOSE_ADJCHRATE': None, 'SECURITY_TYPE_CODE': '058001001'}"
920014,920014.BJ,特瑞斯,2026-03-05 00:00:00,西藏自治区资金买入，成功率35.45%,17.54,14.2671,-16408.87,39628460.02,39644868.89,79273328.91,347912000.0,-0.0047,22.7855,30.3211,1176009606.92,当日价格振幅达到30%的前5只股票,,,,,058001001,"{'SECURITY_CODE': '920014', 'SECUCODE': '920014.BJ', 'SECURITY_NAME_ABBR': '特瑞斯', 'TRADE_DATE': '2026-03-05 00:00:00', 'EXPLAIN': '西藏自治区资金买入，成功率35.45%', 'CLOSE_PRICE': 17.54, 'CHANGE_RATE': 14.2671, 'BILLBOARD_NET_AMT': -16408.8699999973, 'BILLBOARD_BUY_AMT': 39628460.02, 'BILLBOARD_SELL_AMT': 39644868.89, 'BILLBOARD_DEAL_AMT': 79273328.91, 'ACCUM_AMOUNT': 347912000, 'DEAL_NET_RATIO': -0.004716385178, 'DEAL_AMOUNT_RATIO': 22.785454054474, 'TURNOVERRATE': 30.3211, 'FREE_MARKET_CAP': 1176009606.92, 'EXPLANATION': '当日价格振幅达到30%的前5只股票', 'D1_CLOSE_ADJCHRATE': None, 'D2_CLOSE_ADJCHRATE': None, 'D5_CLOSE_ADJCHRATE': None, 'D10_CLOSE_ADJCHRATE': None, 'SECURITY_TYPE_CODE': '058001001'}"
920046,920046.BJ,亿能电力,2026-03-05 00:00:00,西藏自治区资金卖出，成功率9.65%,32.49,-2.1975,-25679752.37,46566845.84,72246598.21,118813444.05,674321600.0,-3.8082,17.6197,30.7033,2081871054.63,当日换手率达到20%的前5只股票,,,,,058001001,"{'SECURITY_CODE': '920046', 'SECUCODE': '920046.BJ', 'SECURITY_NAME_ABBR': '亿能电力', 'TRADE_DATE': '2026-03-05 00:00:00', 'EXPLAIN': '西藏自治区资金卖出，成功率9.65%', 'CLOSE_PRICE': 32.49, 'CHANGE_RATE': -2.1975, 'BILLBOARD_NET_AMT': -25679752.37, 'BILLBOARD_BUY_AMT': 46566845.84, 'BILLBOARD_SELL_AMT': 72246598.21, 'BILLBOARD_DEAL_AMT': 118813444.05, 'ACCUM_AMOUNT': 674321600, 'DEAL_NET_RATIO': -3.808235175916, 'DEAL_AMOUNT_RATIO': 17.619700162356, 'TURNOVERRATE': 30.7033, 'FREE_MARKET_CAP': 2081871054.63, 'EXPLANATION': '当日换手率达到20%的前5只股票', 'D1_CLOSE_ADJCHRATE': None, 'D2_CLOSE_ADJCHRATE': None, 'D5_CLOSE_ADJCHRATE': None, 'D10_CLOSE_ADJCHRATE': None, 'SECURITY_TYPE_CODE': '058001001'}"
920088,920088.BJ,科力股份,2026-03-05 00:00:00,西藏自治区资金卖出，成功率31.20%,80.28,-9.2163,-21541201.85,100687748.62,122228950.47,222916699.09,1105665700.0,-1.9483,20.1613,40.9768,2551402603.44,当日换手率达到20%的前5只股票,,,,,058001001,"{'SECURITY_CODE': '920088', 'SECUCODE': '920088.BJ', 'SECURITY_NAME_ABBR': '科力股份', 'TRADE_DATE': '2026-03-05 00:00:00', 'EXPLAIN': '西藏自治区资金卖出，成功率31.20%', 'CLOSE_PRICE': 80.28, 'CHANGE_RATE': -9.2163, 'BILLBOARD_NET_AMT': -21541201.85, 'BILLBOARD_BUY_AMT': 100687748.62, 'BILLBOARD_SELL_AMT': 122228950.47, 'BILLBOARD_DEAL_AMT': 222916699.09, 'ACCUM_AMOUNT': 1105665700, 'DEAL_NET_RATIO': -1.948256317438, 'DEAL_AMOUNT_RATIO': 20.161310881761, 'TURNOVERRATE': 40.9768, 'FREE_MARKET_CAP': 2551402603.44, 'EXPLANATION': '当日换手率达到20%的前5只股票', 'D1_CLOSE_ADJCHRATE': None, 'D2_CLOSE_ADJCHRATE': None, 'D5_CLOSE_ADJCHRATE': None, 'D10_CLOSE_ADJCHRATE': None, 'SECURITY_TYPE_CODE': '058001001'}"
920158,920158.BJ,长江能科,2026-03-05 00:00:00,1家机构买入，成功率37.62%,21.24,4.6305,18922831.94,65236585.6,46313753.66,111550339.26,349830900.0,5.4091,31.8869,43.0048,810080856.0,当日换手率达到20%的前5只股票,,,,,058001001,"{'SECURITY_CODE': '920158', 'SECUCODE': '920158.BJ', 'SECURITY_NAME_ABBR': '长江能科', 'TRADE_DATE': '2026-03-05 00:00:00', 'EXPLAIN': '1家机构买入，成功率37.62%', 'CLOSE_PRICE': 21.24, 'CHANGE_RATE': 4.6305, 'BILLBOARD_NET_AMT': 18922831.94, 'BILLBOARD_BUY_AMT': 65236585.6, 'BILLBOARD_SELL_AMT': 46313753.66, 'BILLBOARD_DEAL_AMT': 111550339.26, 'ACCUM_AMOUNT': 349830900, 'DEAL_NET_RATIO': 5.409136797235, 'DEAL_AMOUNT_RATIO': 31.886931446022, 'TURNOVERRATE': 43.0048, 'FREE_MARKET_CAP': 810080856, 'EXPLANATION': '当日换手率达到20%的前5只股票', 'D1_CLOSE_ADJCHRATE': None, 'D2_CLOSE_ADJCHRATE': None, 'D5_CLOSE_ADJCHRATE': None, 'D10_CLOSE_ADJCHRATE': None, 'SECURITY_TYPE_CODE': '058001001'}"
920168,920168.BJ,通宝光电,2026-03-05 00:00:00,1家机构买入，成功率37.58%,25.5,3.7429,-644197.14,33910355.04,34554552.18,68464907.22,241286600.0,-0.267,28.3749,32.5692,718450107.0,当日换手率达到20%的前5只股票,,,,,058001001,"{'SECURITY_CODE': '920168', 'SECUCODE': '920168.BJ', 'SECURITY_NAME_ABBR': '通宝光电', 'TRADE_DATE': '2026-03-05 00:00:00', 'EXPLAIN': '1家机构买入，成功率37.58%', 'CLOSE_PRICE': 25.5, 'CHANGE_RATE': 3.7429, 'BILLBOARD_NET_AMT': -644197.140000001, 'BILLBOARD_BUY_AMT': 33910355.04, 'BILLBOARD_SELL_AMT': 34554552.18, 'BILLBOARD_DEAL_AMT': 68464907.22, 'ACCUM_AMOUNT': 241286600, 'DEAL_NET_RATIO': -0.266984217109, 'DEAL_AMOUNT_RATIO': 28.374931396936, 'TURNOVERRATE': 32.5692, 'FREE_MARKET_CAP': 718450107, 'EXPLANATION': '当日换手率达到20%的前5只股票', 'D1_CLOSE_ADJCHRATE': None, 'D2_CLOSE_ADJCHRATE': None, 'D5_CLOSE_ADJCHRATE': None, 'D10_CLOSE_ADJCHRATE': None, 'SECURITY_TYPE_CODE': '058001001'}"
920183,920183.BJ,海菲曼,2026-03-05 00:00:00,西藏自治区资金卖出，成功率47.90%,45.18,-15.2345,-2117408.57,34541589.3,36658997.87,71200587.17,297826500.0,-0.711,23.9067,56.8742,508267183.86,当日换手率达到20%的前5只股票,,,,,058001001,"{'SECURITY_CODE': '920183', 'SECUCODE': '920183.BJ', 'SECURITY_NAME_ABBR': '海菲曼', 'TRADE_DATE': '2026-03-05 00:00:00', 'EXPLAIN': '西藏自治区资金卖出，成功率47.90%', 'CLOSE_PRICE': 45.18, 'CHANGE_RATE': -15.2345, 'BILLBOARD_NET_AMT': -2117408.57, 'BILLBOARD_BUY_AMT': 34541589.3, 'BILLBOARD_SELL_AMT': 36658997.87, 'BILLBOARD_DEAL_AMT': 71200587.17, 'ACCUM_AMOUNT': 297826500, 'DEAL_NET_RATIO': -0.710953716342, 'DEAL_AMOUNT_RATIO': 23.906733339713, 'TURNOVERRATE': 56.8742, 'FREE_MARKET_CAP': 508267183.86, 'EXPLANATION': '当日换手率达到20%的前5只股票', 'D1_CLOSE_ADJCHRATE': None, 'D2_CLOSE_ADJCHRATE': None, 'D5_CLOSE_ADJCHRATE': None, 'D10_CLOSE_ADJCHRATE': None, 'SECURITY_TYPE_CODE': '058001001'}"
